[YEAR] any;[AC] agrupació censal;[CONCEPT] concepte;estat;valor
[2022] 2022;[080018001] Abrera 1 (Nord, Est i Oest);[IST_G_IND] Índex socioeconòmic territorial;;117
[2022] 2022;[080018002] Abrera 2 (Centre i Sud);[IST_G_IND] Índex socioeconòmic territorial;;104,3
[2022] 2022;[080057000] Ametlla del Vallès, l';[IST_G_IND] Índex socioeconòmic territorial;;121,3
[2022] 2022;[080060001] Arenys de Mar 1 (Nord-est);[IST_G_IND] Índex socioeconòmic territorial;;107,7
[2022] 2022;[080060002] Arenys de Mar 2 (Sud-oest);[IST_G_IND] Índex socioeconòmic territorial;;104,8
[2022] 2022;[080155001] Badalona 1 (Centre);[IST_G_IND] Índex socioeconòmic territorial;;122,1
[2022] 2022;[080155002] Badalona 2 (Coll i Pujol - Dalt la Vila);[IST_G_IND] Índex socioeconòmic territorial;;116,7
[2022] 2022;[080155003] Badalona 3 (Raval - Can Claris);[IST_G_IND] Índex socioeconòmic territorial;;105,1
[2022] 2022;[080155004] Badalona 4 (Progrés - sector Plaça de Pep Ventura);[IST_G_IND] Índex socioeconòmic territorial;;111,1
[2022] 2022;[080155005] Badalona 5 (Progrés - sector Pont del Petroli);[IST_G_IND] Índex socioeconòmic territorial;;117,9
[2022] 2022;[080155006] Badalona 6 (Gorg - Congrés);[IST_G_IND] Índex socioeconòmic territorial;;94
[2022] 2022;[080155007] Badalona 7 (Sant Roc Sud-est - la Mora - el Remei);[IST_G_IND] Índex socioeconòmic territorial;;69,5
[2022] 2022;[080155008] Badalona 8 (Sant Roc Est - sector Plaça Roja);[IST_G_IND] Índex socioeconòmic territorial;;59,9
[2022] 2022;[080155009] Badalona 9 (Sant Roc Oest - sector Plaça de Camarón de la Isla);[IST_G_IND] Índex socioeconòmic territorial;;51,5
[2022] 2022;[080155010] Badalona 10 (Artigas);[IST_G_IND] Índex socioeconòmic territorial;;72,1
[2022] 2022;[080155011] Badalona 11 (Sant Mori de Llefià - sector Carrer de Guasch);[IST_G_IND] Índex socioeconòmic territorial;;89,2
[2022] 2022;[080155012] Badalona 12 (Sant Mori de Llefià - sector Carretera Antiga de València);[IST_G_IND] Índex socioeconòmic territorial;;84,6
[2022] 2022;[080155013] Badalona 13 (Sant Antoni de Llefià);[IST_G_IND] Índex socioeconòmic territorial;;83,2
[2022] 2022;[080155014] Badalona 14 (Sant Joan de Llefià);[IST_G_IND] Índex socioeconòmic territorial;;80,9
[2022] 2022;[080155015] Badalona 15 (la Salut Nord - sector Grup Verge de la Salut);[IST_G_IND] Índex socioeconòmic territorial;;73,9
[2022] 2022;[080155016] Badalona 16 (la Salut Centre);[IST_G_IND] Índex socioeconòmic territorial;;69,2
[2022] 2022;[080155017] Badalona 17 (la Salut Sud - sector Mercat de la Salut);[IST_G_IND] Índex socioeconòmic territorial;;77,1
[2022] 2022;[080155018] Badalona 18 (Sistrells);[IST_G_IND] Índex socioeconòmic territorial;;87,3
[2022] 2022;[080155019] Badalona 19 (la Pau);[IST_G_IND] Índex socioeconòmic territorial;;68,7
[2022] 2022;[080155020] Badalona 20 (Puigfred);[IST_G_IND] Índex socioeconòmic territorial;;92,7
[2022] 2022;[080155021] Badalona 21 (Montigalà);[IST_G_IND] Índex socioeconòmic territorial;;106,9
[2022] 2022;[080155022] Badalona 22 (Lloreda);[IST_G_IND] Índex socioeconòmic territorial;;97,6
[2022] 2022;[080155023] Badalona 23 (Nova Lloreda);[IST_G_IND] Índex socioeconòmic territorial;;104,3
[2022] 2022;[080155024] Badalona 24 (Sant Crist de Can Cabanyes);[IST_G_IND] Índex socioeconòmic territorial;;85,5
[2022] 2022;[080155025] Badalona 25 (Bufalà Oest - sector Can Barriga);[IST_G_IND] Índex socioeconòmic territorial;;113,2
[2022] 2022;[080155026] Badalona 26 (Bufalà Nord - Bonavista);[IST_G_IND] Índex socioeconòmic territorial;;104,8
[2022] 2022;[080155027] Badalona 27 (Bufalà Sud - sector Can Boscà);[IST_G_IND] Índex socioeconòmic territorial;;106,8
[2022] 2022;[080155028] Badalona 28 (Morera);[IST_G_IND] Índex socioeconòmic territorial;;110
[2022] 2022;[080155029] Badalona 29 (Canyet - Mas Ram - Pomar de Dalt - Pomar);[IST_G_IND] Índex socioeconòmic territorial;;93,1
[2022] 2022;[080155030] Badalona 30 (Casagemes - Canyadó - Manresà - les Guixeres);[IST_G_IND] Índex socioeconòmic territorial;;118,3
[2022] 2022;[080193001] Barcelona 1 (el Liceu i les Drassanes);[IST_G_IND] Índex socioeconòmic territorial;;77,7
[2022] 2022;[080193002] Barcelona 2 (Sant Pau);[IST_G_IND] Índex socioeconòmic territorial;;77,8
[2022] 2022;[080193003] Barcelona 3 (la Riereta);[IST_G_IND] Índex socioeconòmic territorial;;67,4
[2022] 2022;[080193004] Barcelona 4 (el Pedró);[IST_G_IND] Índex socioeconòmic territorial;;76,5
[2022] 2022;[080193005] Barcelona 5 (Ponent);[IST_G_IND] Índex socioeconòmic territorial;;77,1
[2022] 2022;[080193006] Barcelona 6 (Tallers i els Àngels);[IST_G_IND] Índex socioeconòmic territorial;;91
[2022] 2022;[080193007] Barcelona 7 (Santa Anna, el Pi i la Plaça Reial);[IST_G_IND] Índex socioeconòmic territorial;;99,5
[2022] 2022;[080193008] Barcelona 8 (la Ciutat Romana i la Mercè);[IST_G_IND] Índex socioeconòmic territorial;;70
[2022] 2022;[080193009] Barcelona 9 (l'Escullera i l'Hospital del Mar);[IST_G_IND] Índex socioeconòmic territorial;;96
[2022] 2022;[080193010] Barcelona 10 (Sant Miquel del Port);[IST_G_IND] Índex socioeconòmic territorial;;96,5
[2022] 2022;[080193011] Barcelona 11 (la Ribera);[IST_G_IND] Índex socioeconòmic territorial;;106,1
[2022] 2022;[080193012] Barcelona 12 (Santa Caterina);[IST_G_IND] Índex socioeconòmic territorial;;95,8
[2022] 2022;[080193013] Barcelona 13 (Sant Pere);[IST_G_IND] Índex socioeconòmic territorial;;103,6
[2022] 2022;[080193014] Barcelona 14 (el Portal Nou);[IST_G_IND] Índex socioeconòmic territorial;;103,5
[2022] 2022;[080193015] Barcelona 15 (el Fort Pienc);[IST_G_IND] Índex socioeconòmic territorial;;108
[2022] 2022;[080193016] Barcelona 16 (els Encants, l'Auditori i el Teatre);[IST_G_IND] Índex socioeconòmic territorial;;111,7
[2022] 2022;[080193017] Barcelona 17 (la Monumental);[IST_G_IND] Índex socioeconòmic territorial;;114,4
[2022] 2022;[080193018] Barcelona 18 (els Enamorats);[IST_G_IND] Índex socioeconòmic territorial;;110,5
[2022] 2022;[080193019] Barcelona 19 (el Poblet);[IST_G_IND] Índex socioeconòmic territorial;;111,9
[2022] 2022;[080193020] Barcelona 20 (la Damm);[IST_G_IND] Índex socioeconòmic territorial;;114,4
[2022] 2022;[080193021] Barcelona 21 (els Jardins de la Indústria);[IST_G_IND] Índex socioeconòmic territorial;;111,7
[2022] 2022;[080193022] Barcelona 22 (la Sagrada Família);[IST_G_IND] Índex socioeconòmic territorial;;111,4
[2022] 2022;[080193023] Barcelona 23 (Verdaguer);[IST_G_IND] Índex socioeconòmic territorial;;121,8
[2022] 2022;[080193024] Barcelona 24 (la Concepció);[IST_G_IND] Índex socioeconòmic territorial;;122,2
[2022] 2022;[080193025] Barcelona 25 (el Carlit);[IST_G_IND] Índex socioeconòmic territorial;;117,7
[2022] 2022;[080193026] Barcelona 26 (Catalunya i els Dominics);[IST_G_IND] Índex socioeconòmic territorial;;119,9
[2022] 2022;[080193027] Barcelona 27 (el Quadrat d'Or i la Torre de les Aigües);[IST_G_IND] Índex socioeconòmic territorial;;121,3
[2022] 2022;[080193028] Barcelona 28 (els Camps Elisis i el Cinc d'Oros);[IST_G_IND] Índex socioeconòmic territorial;;122,5
[2022] 2022;[080193029] Barcelona 29 (Sant Miquel);[IST_G_IND] Índex socioeconòmic territorial;;121,7
[2022] 2022;[080193030] Barcelona 30 (Letamendi i la Universitat);[IST_G_IND] Índex socioeconòmic territorial;;115,1
[2022] 2022;[080193031] Barcelona 31 (Sant Josep Oriol);[IST_G_IND] Índex socioeconòmic territorial;;116,2
[2022] 2022;[080193032] Barcelona 32 (el Ninot);[IST_G_IND] Índex socioeconòmic territorial;;118,1
[2022] 2022;[080193033] Barcelona 33 (el Clínic);[IST_G_IND] Índex socioeconòmic territorial;;118,1
[2022] 2022;[080193034] Barcelona 34 (el Pilar);[IST_G_IND] Índex socioeconòmic territorial;;125,5
[2022] 2022;[080193035] Barcelona 35 (l'Escola Industrial);[IST_G_IND] Índex socioeconòmic territorial;;121
[2022] 2022;[080193036] Barcelona 36 (les Editorials);[IST_G_IND] Índex socioeconòmic territorial;;120
[2022] 2022;[080193037] Barcelona 37 (la Model);[IST_G_IND] Índex socioeconòmic territorial;;116,7
[2022] 2022;[080193038] Barcelona 38 (Sant Llorenç);[IST_G_IND] Índex socioeconòmic territorial;;116,9
[2022] 2022;[080193039] Barcelona 39 (els Llorers);[IST_G_IND] Índex socioeconòmic territorial;;114,4
[2022] 2022;[080193040] Barcelona 40 (la Casa Golferics);[IST_G_IND] Índex socioeconòmic territorial;;113,2
[2022] 2022;[080193041] Barcelona 41 (l'Escorxador);[IST_G_IND] Índex socioeconòmic territorial;;113,4
[2022] 2022;[080193042] Barcelona 42 (Mistral);[IST_G_IND] Índex socioeconòmic territorial;;111,9
[2022] 2022;[080193043] Barcelona 43 (els Salesians);[IST_G_IND] Índex socioeconòmic territorial;;113,5
[2022] 2022;[080193044] Barcelona 44 (el Price);[IST_G_IND] Índex socioeconòmic territorial;;113,1
[2022] 2022;[080193045] Barcelona 45 (el Mercat de Sant Antoni);[IST_G_IND] Índex socioeconòmic territorial;;109,7
[2022] 2022;[080193046] Barcelona 46 (els Tres Tombs);[IST_G_IND] Índex socioeconòmic territorial;;107,8
[2022] 2022;[080193047] Barcelona 47 (la França Xica);[IST_G_IND] Índex socioeconòmic territorial;;100,4
[2022] 2022;[080193048] Barcelona 48 (Santa Madrona, la Satàlia i Montjuïc);[IST_G_IND] Índex socioeconòmic territorial;;94,5
[2022] 2022;[080193049] Barcelona 49 (les Hortes de Sant Bertran);[IST_G_IND] Índex socioeconòmic territorial;;98,7
[2022] 2022;[080193050] Barcelona 50 (Sant Cristòfol i la Marina del Prat Vermell);[IST_G_IND] Índex socioeconòmic territorial;;99
[2022] 2022;[080193051] Barcelona 51 (la Mare de Déu de Port, Can Clos i el Polvorí);[IST_G_IND] Índex socioeconòmic territorial;;88,8
[2022] 2022;[080193052] Barcelona 52 (Can Sabater);[IST_G_IND] Índex socioeconòmic territorial;;99,7
[2022] 2022;[080193053] Barcelona 53 (la Font de la Guatlla);[IST_G_IND] Índex socioeconòmic territorial;;104,6
[2022] 2022;[080193054] Barcelona 54 (l'Alcaldia d'Hostafrancs);[IST_G_IND] Índex socioeconòmic territorial;;107,6
[2022] 2022;[080193055] Barcelona 55 (l'Àngel Custodi);[IST_G_IND] Índex socioeconòmic territorial;;101,8
[2022] 2022;[080193056] Barcelona 56 (Sant Medir);[IST_G_IND] Índex socioeconòmic territorial;;109,5
[2022] 2022;[080193057] Barcelona 57 (Can Batlló);[IST_G_IND] Índex socioeconòmic territorial;;107,3
[2022] 2022;[080193058] Barcelona 58 (l'Olivereta);[IST_G_IND] Índex socioeconòmic territorial;;101,2
[2022] 2022;[080193059] Barcelona 59 (Badal);[IST_G_IND] Índex socioeconòmic territorial;;108,9
[2022] 2022;[080193060] Barcelona 60 (Can Mantega);[IST_G_IND] Índex socioeconòmic territorial;;114,4
[2022] 2022;[080193061] Barcelona 61 (el Mercat Nou);[IST_G_IND] Índex socioeconòmic territorial;;104,7
[2022] 2022;[080193062] Barcelona 62 (Santa Maria de Sants);[IST_G_IND] Índex socioeconòmic territorial;;95,7
[2022] 2022;[080193063] Barcelona 63 (l'Olivera Rodona i l'Espanya Industrial);[IST_G_IND] Índex socioeconòmic territorial;;113,1
[2022] 2022;[080193064] Barcelona 64 (Can Novell - Plaça del Centre);[IST_G_IND] Índex socioeconòmic territorial;;117,3
[2022] 2022;[080193065] Barcelona 65 (les Infantes i la Colònia Castells);[IST_G_IND] Índex socioeconòmic territorial;;122,8
[2022] 2022;[080193066] Barcelona 66 (Loreto i el Camp de la Creu);[IST_G_IND] Índex socioeconòmic territorial;;126,4
[2022] 2022;[080193067] Barcelona 67 (les Corts Noves, Can Rosés, Can Feu i Can Batllori);[IST_G_IND] Índex socioeconòmic territorial;;125,8
[2022] 2022;[080193068] Barcelona 68 (les Corts Velles);[IST_G_IND] Índex socioeconòmic territorial;;124,8
[2022] 2022;[080193069] Barcelona 69 (el Sòl de Baix);[IST_G_IND] Índex socioeconòmic territorial;;117,2
[2022] 2022;[080193070] Barcelona 70 (Sant Ramon i la Torre Melina);[IST_G_IND] Índex socioeconòmic territorial;;119,5
[2022] 2022;[080193071] Barcelona 71 (Can Bacardí, Collblanc, la Maternitat i Bederrida);[IST_G_IND] Índex socioeconòmic territorial;;115,1
[2022] 2022;[080193072] Barcelona 72 (la Font dels Ocellets i Santa Gemma);[IST_G_IND] Índex socioeconòmic territorial;;133
[2022] 2022;[080193073] Barcelona 73 (Pedralbes, la Mercè i el Palau Reial);[IST_G_IND] Índex socioeconòmic territorial;;124
[2022] 2022;[080193074] Barcelona 74 (les Planes, Vallvidrera, el Tibidabo i els barris de Muntanya de Sarrià);[IST_G_IND] Índex socioeconòmic territorial;;121,4
[2022] 2022;[080193075] Barcelona 75 (Sarrià Vell);[IST_G_IND] Índex socioeconòmic territorial;;127,9
[2022] 2022;[080193076] Barcelona 76 (els Caputxins, Can Ponsic i Santa Amèlia);[IST_G_IND] Índex socioeconòmic territorial;;131,1
[2022] 2022;[080193077] Barcelona 77 (Can Ràbia i la Nena Cases);[IST_G_IND] Índex socioeconòmic territorial;;133,2
[2022] 2022;[080193078] Barcelona 78 (les Tres Torres);[IST_G_IND] Índex socioeconòmic territorial;;135,2
[2022] 2022;[080193079] Barcelona 79 (la Bonanova, la Torre Vilana i l'Avinguda del Tibidabo);[IST_G_IND] Índex socioeconòmic territorial;;130,5
[2022] 2022;[080193080] Barcelona 80 (Sant Gervasi de Cassoles);[IST_G_IND] Índex socioeconòmic territorial;;125,7
[2022] 2022;[080193081] Barcelona 81 (Mandri);[IST_G_IND] Índex socioeconòmic territorial;;131,3
[2022] 2022;[080193082] Barcelona 82 (Can Castelló, Modolell i Can Ballescar);[IST_G_IND] Índex socioeconòmic territorial;;133,8
[2022] 2022;[080193083] Barcelona 83 (el Turó Parc);[IST_G_IND] Índex socioeconòmic territorial;;130,9
[2022] 2022;[080193084] Barcelona 84 (Galvany);[IST_G_IND] Índex socioeconòmic territorial;;129,3
[2022] 2022;[080193085] Barcelona 85 (Tuset);[IST_G_IND] Índex socioeconòmic territorial;;130
[2022] 2022;[080193086] Barcelona 86 (Laforja);[IST_G_IND] Índex socioeconòmic territorial;;126,8
[2022] 2022;[080193087] Barcelona 87 (Monterols);[IST_G_IND] Índex socioeconòmic territorial;;128,8
[2022] 2022;[080193088] Barcelona 88 (el Farró);[IST_G_IND] Índex socioeconòmic territorial;;124,8
[2022] 2022;[080193089] Barcelona 89 (el Putxet);[IST_G_IND] Índex socioeconòmic territorial;;125,1
[2022] 2022;[080193090] Barcelona 90 (Craywinckel);[IST_G_IND] Índex socioeconòmic territorial;;125,7
[2022] 2022;[080193091] Barcelona 91 (els Penitents i el Mas Falcó);[IST_G_IND] Índex socioeconòmic territorial;;121,5
[2022] 2022;[080193092] Barcelona 92 (el Pont de Vallcarca);[IST_G_IND] Índex socioeconòmic territorial;;120,5
[2022] 2022;[080193093] Barcelona 93 (Vallcarca - la Farigola);[IST_G_IND] Índex socioeconòmic territorial;;113,9
[2022] 2022;[080193094] Barcelona 94 (el Coll);[IST_G_IND] Índex socioeconòmic territorial;;109,7
[2022] 2022;[080193095] Barcelona 95 (el Coll del Portell);[IST_G_IND] Índex socioeconòmic territorial;;117,4
[2022] 2022;[080193096] Barcelona 96 (Sant Josep de la Muntanya);[IST_G_IND] Índex socioeconòmic territorial;;119,6
[2022] 2022;[080193097] Barcelona 97 (la Plaça Rovira);[IST_G_IND] Índex socioeconòmic territorial;;117
[2022] 2022;[080193098] Barcelona 98 (la Plaça del Nord i Can Trilla);[IST_G_IND] Índex socioeconòmic territorial;;118,4
[2022] 2022;[080193099] Barcelona 99 (la Llibertat i la Riera de Sant Miquel);[IST_G_IND] Índex socioeconòmic territorial;;120,7
[2022] 2022;[080193100] Barcelona 100 (Rius i Taulet);[IST_G_IND] Índex socioeconòmic territorial;;117
[2022] 2022;[080193101] Barcelona 101 (el Sol, el Diamant, la Virreina i la Revolució);[IST_G_IND] Índex socioeconòmic territorial;;116,9
[2022] 2022;[080193102] Barcelona 102 (l'Abaceria i la Plaça del Raspall);[IST_G_IND] Índex socioeconòmic territorial;;115,7
[2022] 2022;[080193103] Barcelona 103 (Joanic);[IST_G_IND] Índex socioeconòmic territorial;;115
[2022] 2022;[080193104] Barcelona 104 (el Camp d'en Grassot);[IST_G_IND] Índex socioeconòmic territorial;;120,1
[2022] 2022;[080193105] Barcelona 105 (la Sedeta);[IST_G_IND] Índex socioeconòmic territorial;;119,5
[2022] 2022;[080193106] Barcelona 106 (Can Romans);[IST_G_IND] Índex socioeconòmic territorial;;116,4
[2022] 2022;[080193107] Barcelona 107 (Ca l'Alegre de Dalt);[IST_G_IND] Índex socioeconòmic territorial;;114,8
[2022] 2022;[080193108] Barcelona 108 (els Jardins del Príncep de Girona);[IST_G_IND] Índex socioeconòmic territorial;;112,7
[2022] 2022;[080193109] Barcelona 109 (el Mas Casanovas);[IST_G_IND] Índex socioeconòmic territorial;;112,8
[2022] 2022;[080193110] Barcelona 110 (el Parc de les Aigües);[IST_G_IND] Índex socioeconòmic territorial;;111,9
[2022] 2022;[080193111] Barcelona 111 (Can Baró);[IST_G_IND] Índex socioeconòmic territorial;;108,1
[2022] 2022;[080193112] Barcelona 112 (el Parc del Guinardó);[IST_G_IND] Índex socioeconòmic territorial;;107,4
[2022] 2022;[080193113] Barcelona 113 (el Guinardó i l'Hospital de Sant Pau);[IST_G_IND] Índex socioeconòmic territorial;;112,7
[2022] 2022;[080193114] Barcelona 114 (Maragall);[IST_G_IND] Índex socioeconòmic territorial;;109
[2022] 2022;[080193115] Barcelona 115 (els Quinze);[IST_G_IND] Índex socioeconòmic territorial;;107,8
[2022] 2022;[080193116] Barcelona 116 (la Font d'en Fargues i Can Carabassa);[IST_G_IND] Índex socioeconòmic territorial;;119,8
[2022] 2022;[080193117] Barcelona 117 (l'Alt Carmel i el Turó de la Rovira);[IST_G_IND] Índex socioeconòmic territorial;;92,5
[2022] 2022;[080193118] Barcelona 118 (el Baix Carmel);[IST_G_IND] Índex socioeconòmic territorial;;94,3
[2022] 2022;[080193119] Barcelona 119 (la Teixonera);[IST_G_IND] Índex socioeconòmic territorial;;99,4
[2022] 2022;[080193120] Barcelona 120 (Sant Genís dels Agudells);[IST_G_IND] Índex socioeconòmic territorial;;99,4
[2022] 2022;[080193121] Barcelona 121 (Montbau);[IST_G_IND] Índex socioeconòmic territorial;;106
[2022] 2022;[080193122] Barcelona 122 (la Vall d'Hebron i la Clota);[IST_G_IND] Índex socioeconòmic territorial;;113,2
[2022] 2022;[080193123] Barcelona 123 (l'Eixample d'Horta);[IST_G_IND] Índex socioeconòmic territorial;;106,8
[2022] 2022;[080193124] Barcelona 124 (Sant Joan d'Horta);[IST_G_IND] Índex socioeconòmic territorial;;98,8
[2022] 2022;[080193125] Barcelona 125 (Sant Marcel i les Franceses);[IST_G_IND] Índex socioeconòmic territorial;;104
[2022] 2022;[080193126] Barcelona 126 (Can Cartellà);[IST_G_IND] Índex socioeconòmic territorial;;104,3
[2022] 2022;[080193127] Barcelona 127 (Virrei Amat i la Torre Llobeta);[IST_G_IND] Índex socioeconòmic territorial;;106,3
[2022] 2022;[080193128] Barcelona 128 (Can Garrigó);[IST_G_IND] Índex socioeconòmic territorial;;101,2
[2022] 2022;[080193129] Barcelona 129 (la Plaça de Sóller);[IST_G_IND] Índex socioeconòmic territorial;;101,5
[2022] 2022;[080193130] Barcelona 130 (Can Dragó);[IST_G_IND] Índex socioeconòmic territorial;;98,9
[2022] 2022;[080193131] Barcelona 131 (els Jardins d'Alfàbia);[IST_G_IND] Índex socioeconòmic territorial;;80,9
[2022] 2022;[080193132] Barcelona 132 (el Mercat de la Mercè);[IST_G_IND] Índex socioeconòmic territorial;;88
[2022] 2022;[080193133] Barcelona 133 (el Turó de la Peira i Can Peguera);[IST_G_IND] Índex socioeconòmic territorial;;84,1
[2022] 2022;[080193134] Barcelona 134 (el Parc Central de Nou Barris);[IST_G_IND] Índex socioeconòmic territorial;;109,1
[2022] 2022;[080193135] Barcelona 135 (la Guineueta);[IST_G_IND] Índex socioeconòmic territorial;;97,8
[2022] 2022;[080193136] Barcelona 136 (Canyelles);[IST_G_IND] Índex socioeconòmic territorial;;98,2
[2022] 2022;[080193137] Barcelona 137 (la Mina de la Ciutat);[IST_G_IND] Índex socioeconòmic territorial;;77,8
[2022] 2022;[080193138] Barcelona 138 (les Roquetes);[IST_G_IND] Índex socioeconòmic territorial;;78,4
[2022] 2022;[080193139] Barcelona 139 (la Plaça de Verdun);[IST_G_IND] Índex socioeconòmic territorial;;85,4
[2022] 2022;[080193140] Barcelona 140 (les Cases de Charlot);[IST_G_IND] Índex socioeconòmic territorial;;83,4
[2022] 2022;[080193141] Barcelona 141 (Can Borràs);[IST_G_IND] Índex socioeconòmic territorial;;91,2
[2022] 2022;[080193142] Barcelona 142 (Santa Engràcia);[IST_G_IND] Índex socioeconòmic territorial;;92,4
[2022] 2022;[080193143] Barcelona 143 (la Plaça Verda);[IST_G_IND] Índex socioeconòmic territorial;;97,7
[2022] 2022;[080193144] Barcelona 144 (la Flor de Neu);[IST_G_IND] Índex socioeconòmic territorial;;90,4
[2022] 2022;[080193145] Barcelona 145 (la Trinitat Nova);[IST_G_IND] Índex socioeconòmic territorial;;77,5
[2022] 2022;[080193146] Barcelona 146 (Torre Baró, Ciutat Meridiana i Vallbona);[IST_G_IND] Índex socioeconòmic territorial;;69,4
[2022] 2022;[080193147] Barcelona 147 (la Trinitat Vella);[IST_G_IND] Índex socioeconòmic territorial;;74,5
[2022] 2022;[080193148] Barcelona 148 (Baró de Viver i la Maquinista);[IST_G_IND] Índex socioeconòmic territorial;;97,7
[2022] 2022;[080193149] Barcelona 149 (el Bon Pastor);[IST_G_IND] Índex socioeconòmic territorial;;77,3
[2022] 2022;[080193150] Barcelona 150 (Can Portabella);[IST_G_IND] Índex socioeconòmic territorial;;114,7
[2022] 2022;[080193151] Barcelona 151 (Sant Andreu Vell);[IST_G_IND] Índex socioeconòmic territorial;;115,2
[2022] 2022;[080193152] Barcelona 152 (l'Andana de l'Estació i el Molí del Rec);[IST_G_IND] Índex socioeconòmic territorial;;119,1
[2022] 2022;[080193153] Barcelona 153 (les Casernes);[IST_G_IND] Índex socioeconòmic territorial;;96,3
[2022] 2022;[080193154] Barcelona 154 (Casa Bloc);[IST_G_IND] Índex socioeconòmic territorial;;106,3
[2022] 2022;[080193155] Barcelona 155 (el Mercadal);[IST_G_IND] Índex socioeconòmic territorial;;112,3
[2022] 2022;[080193156] Barcelona 156 (la Rambla de Sant Andreu);[IST_G_IND] Índex socioeconòmic territorial;;112,6
[2022] 2022;[080193157] Barcelona 157 (Can Masadas i el Camp del Ferro);[IST_G_IND] Índex socioeconòmic territorial;;108,5
[2022] 2022;[080193158] Barcelona 158 (el Pont del Treball);[IST_G_IND] Índex socioeconòmic territorial;;109,3
[2022] 2022;[080193159] Barcelona 159 (la Sagrera Alta);[IST_G_IND] Índex socioeconòmic territorial;;102,1
[2022] 2022;[080193160] Barcelona 160 (el Congrés);[IST_G_IND] Índex socioeconòmic territorial;;107,7
[2022] 2022;[080193161] Barcelona 161 (els Indians);[IST_G_IND] Índex socioeconòmic territorial;;107,5
[2022] 2022;[080193162] Barcelona 162 (Sant Joan Bosco);[IST_G_IND] Índex socioeconòmic territorial;;110,5
[2022] 2022;[080193163] Barcelona 163 (el Torrent de la Guineu);[IST_G_IND] Índex socioeconòmic territorial;;109,3
[2022] 2022;[080193164] Barcelona 164 (Trinxant);[IST_G_IND] Índex socioeconòmic territorial;;109,3
[2022] 2022;[080193165] Barcelona 165 (Can Miralletes);[IST_G_IND] Índex socioeconòmic territorial;;114,5
[2022] 2022;[080193166] Barcelona 166 (Xifré);[IST_G_IND] Índex socioeconòmic territorial;;110,2
[2022] 2022;[080193167] Barcelona 167 (Can Robacols);[IST_G_IND] Índex socioeconòmic territorial;;109,5
[2022] 2022;[080193168] Barcelona 168 (la Parròquia del Clot);[IST_G_IND] Índex socioeconòmic territorial;;111,8
[2022] 2022;[080193169] Barcelona 169 (el Clot de la Mel);[IST_G_IND] Índex socioeconòmic territorial;;111,9
[2022] 2022;[080193170] Barcelona 170 (el Mercat del Clot);[IST_G_IND] Índex socioeconòmic territorial;;110,4
[2022] 2022;[080193171] Barcelona 171 (el Parc de la Ciutadella, Ca l'Aranyó i Ratés);[IST_G_IND] Índex socioeconòmic territorial;;112,4
[2022] 2022;[080193172] Barcelona 172 (la Vila Olímpica i el Bogatell);[IST_G_IND] Índex socioeconòmic territorial;;125,8
[2022] 2022;[080193173] Barcelona 173 (el Taulat i la Plata);[IST_G_IND] Índex socioeconòmic territorial;;113
[2022] 2022;[080193174] Barcelona 174 (Can Felipa);[IST_G_IND] Índex socioeconòmic territorial;;119,3
[2022] 2022;[080193175] Barcelona 175 (els Ciutadans);[IST_G_IND] Índex socioeconòmic territorial;;113,8
[2022] 2022;[080193176] Barcelona 176 (l'Antiga Diagonal Mar);[IST_G_IND] Índex socioeconòmic territorial;;110,9
[2022] 2022;[080193177] Barcelona 177 (la Nova Diagonal Mar i el Front Marítim del Poblenou);[IST_G_IND] Índex socioeconòmic territorial;;119,1
[2022] 2022;[080193178] Barcelona 178 (el Besòs Mar);[IST_G_IND] Índex socioeconòmic territorial;;68,5
[2022] 2022;[080193179] Barcelona 179 (el Besòs);[IST_G_IND] Índex socioeconòmic territorial;;78,7
[2022] 2022;[080193180] Barcelona 180 (el Maresme i el Maresme Vell);[IST_G_IND] Índex socioeconòmic territorial;;75,9
[2022] 2022;[080193181] Barcelona 181 (Provençals i Ca l'Isidret);[IST_G_IND] Índex socioeconòmic territorial;;105,8
[2022] 2022;[080193182] Barcelona 182 (Can Ricart);[IST_G_IND] Índex socioeconòmic territorial;;110,7
[2022] 2022;[080193183] Barcelona 183 (els Porxos);[IST_G_IND] Índex socioeconòmic territorial;;106,2
[2022] 2022;[080193184] Barcelona 184 (el Pont de Bac de Roda);[IST_G_IND] Índex socioeconòmic territorial;;103,8
[2022] 2022;[080193185] Barcelona 185 (Sant Martí Vell);[IST_G_IND] Índex socioeconòmic territorial;;101
[2022] 2022;[080193186] Barcelona 186 (Júpiter);[IST_G_IND] Índex socioeconòmic territorial;;100,3
[2022] 2022;[080193187] Barcelona 187 (la Palmera);[IST_G_IND] Índex socioeconòmic territorial;;106,6
[2022] 2022;[080193188] Barcelona 188 (la Verneda Alta);[IST_G_IND] Índex socioeconòmic territorial;;98,9
[2022] 2022;[080193189] Barcelona 189 (la Verneda Baixa);[IST_G_IND] Índex socioeconòmic territorial;;86,9
[2022] 2022;[080193190] Barcelona 190 (la Pau);[IST_G_IND] Índex socioeconòmic territorial;;90,3
[2022] 2022;[080229001] Berga 1 (Nucli Urbà Oest, Sud i Est - Exterior);[IST_G_IND] Índex socioeconòmic territorial;;102,2
[2022] 2022;[080229002] Berga 2 (Nucli Urbà Centre i Nord);[IST_G_IND] Índex socioeconòmic territorial;;79
[2022] 2022;[080333001] Caldes de Montbui 1 (Centre-Eixample);[IST_G_IND] Índex socioeconòmic territorial;;99,5
[2022] 2022;[080333002] Caldes de Montbui 2 (Nucli Antic i Exterior);[IST_G_IND] Índex socioeconòmic territorial;;114
[2022] 2022;[080351001] Calella 1 (Oest);[IST_G_IND] Índex socioeconòmic territorial;;91,6
[2022] 2022;[080351002] Calella 2 (Est);[IST_G_IND] Índex socioeconòmic territorial;;95,3
[2022] 2022;[080403001] Canet de Mar 1 (Centre);[IST_G_IND] Índex socioeconòmic territorial;;99,1
[2022] 2022;[080403002] Canet de Mar 2 (Exterior);[IST_G_IND] Índex socioeconòmic territorial;;104,2
[2022] 2022;[080410001] Canovelles 1 (Nucli Urbà Centre i Est);[IST_G_IND] Índex socioeconòmic territorial;;60,9
[2022] 2022;[080410002] Canovelles 2 (Nucli Urbà Oest i Exterior);[IST_G_IND] Índex socioeconòmic territorial;;103,8
[2022] 2022;[080462001] Cardedeu 1 (Nucli Urbà Centre i Exterior Nord);[IST_G_IND] Índex socioeconòmic territorial;;111,7
[2022] 2022;[080462002] Cardedeu 2 (Nucli Urbà Sud-est i Exterior Sud);[IST_G_IND] Índex socioeconòmic territorial;;112,1
[2022] 2022;[080517001] Castellar del Vallès 1 (Nucli Urbà Est i Exterior);[IST_G_IND] Índex socioeconòmic territorial;;112,6
[2022] 2022;[080517002] Castellar del Vallès 2 (Nucli Urbà Nord i Oest);[IST_G_IND] Índex socioeconòmic territorial;;107,1
[2022] 2022;[080517003] Castellar del Vallès 3 (Nucli Urbà Sud);[IST_G_IND] Índex socioeconòmic territorial;;115,2
[2022] 2022;[080543001] Castellbisbal 1 (Sud);[IST_G_IND] Índex socioeconòmic territorial;;110,4
[2022] 2022;[080543002] Castellbisbal 2 (Nord);[IST_G_IND] Índex socioeconòmic territorial;;107,4
[2022] 2022;[080569001] Castelldefels 1 (Centre);[IST_G_IND] Índex socioeconòmic territorial;;99,4
[2022] 2022;[080569002] Castelldefels 2 (Vista Alegre - el Castell);[IST_G_IND] Índex socioeconòmic territorial;;93,9
[2022] 2022;[080569003] Castelldefels 3 (els Canyars);[IST_G_IND] Índex socioeconòmic territorial;;118,1
[2022] 2022;[080569004] Castelldefels 4 (el Poble Vell);[IST_G_IND] Índex socioeconòmic territorial;;97,9
[2022] 2022;[080569005] Castelldefels 5 (les Botigues - Can Bou - Mar i Sol);[IST_G_IND] Índex socioeconòmic territorial;;116,6
[2022] 2022;[080569006] Castelldefels 6 (Baixador - Lluminetes - la Pineda);[IST_G_IND] Índex socioeconòmic territorial;;111,9
[2022] 2022;[080569007] Castelldefels 7 (el Poal - Bellamar);[IST_G_IND] Índex socioeconòmic territorial;;113,9
[2022] 2022;[080569008] Castelldefels 8 (Montmar);[IST_G_IND] Índex socioeconòmic territorial;;118,9
[2022] 2022;[080569009] Castelldefels 9 (Can Roca - la Muntanyeta);[IST_G_IND] Índex socioeconòmic territorial;;120,7
[2022] 2022;[080728001] Corbera de Llobregat 1 (Nucli Urbà);[IST_G_IND] Índex socioeconòmic territorial;;102,4
[2022] 2022;[080728002] Corbera de Llobregat 2 (Urbanitzacions);[IST_G_IND] Índex socioeconòmic territorial;;116,9
[2022] 2022;[080734001] Cornellà de Llobregat 1 (Centre);[IST_G_IND] Índex socioeconòmic territorial;;105,7
[2022] 2022;[080734002] Cornellà de Llobregat 2 (Fontsanta - Fatjó);[IST_G_IND] Índex socioeconòmic territorial;;112,1
[2022] 2022;[080734003] Cornellà de Llobregat 3 (el Pedró);[IST_G_IND] Índex socioeconòmic territorial;;102,1
[2022] 2022;[080734004] Cornellà de Llobregat 4 (Bonavista);[IST_G_IND] Índex socioeconòmic territorial;;94,2
[2022] 2022;[080734005] Cornellà de Llobregat 5 (Gavarra);[IST_G_IND] Índex socioeconòmic territorial;;93,8
[2022] 2022;[080734006] Cornellà de Llobregat 6 (Sant Ildefons Oest);[IST_G_IND] Índex socioeconòmic territorial;;73,3
[2022] 2022;[080734007] Cornellà de Llobregat 7 (Sant Ildefons Est);[IST_G_IND] Índex socioeconòmic territorial;;71,7
[2022] 2022;[080734008] Cornellà de Llobregat 8 (Sant Ildefons - Torre de la Miranda);[IST_G_IND] Índex socioeconòmic territorial;;80,1
[2022] 2022;[080734009] Cornellà de Llobregat 9 (Almeda);[IST_G_IND] Índex socioeconòmic territorial;;113,8
[2022] 2022;[080734010] Cornellà de Llobregat 10 (Riera - Camp de les Aigües);[IST_G_IND] Índex socioeconòmic territorial;;102,2
[2022] 2022;[080749001] Cubelles 1 (Oest i Nord);[IST_G_IND] Índex socioeconòmic territorial;;97,4
[2022] 2022;[080749002] Cubelles 2 (Est i Sud);[IST_G_IND] Índex socioeconòmic territorial;;105,1
[2022] 2022;[080765001] Esparreguera 1 (Est);[IST_G_IND] Índex socioeconòmic territorial;;99,7
[2022] 2022;[080765002] Esparreguera 2 (Oest);[IST_G_IND] Índex socioeconòmic territorial;;103,9
[2022] 2022;[080771001] Esplugues de Llobregat 1 (Nucli Antic i Barris de Collserola);[IST_G_IND] Índex socioeconòmic territorial;;123,9
[2022] 2022;[080771002] Esplugues de Llobregat 2 (Can Vidalet);[IST_G_IND] Índex socioeconòmic territorial;;81,9
[2022] 2022;[080771003] Esplugues de Llobregat 3 (Can Clota - Can Cervera);[IST_G_IND] Índex socioeconòmic territorial;;99
[2022] 2022;[080771004] Esplugues de Llobregat 4 (la Plana);[IST_G_IND] Índex socioeconòmic territorial;;107,9
[2022] 2022;[080771005] Esplugues de Llobregat 5 (el Gall - Montesa);[IST_G_IND] Índex socioeconòmic territorial;;108,8
[2022] 2022;[080771006] Esplugues de Llobregat 6 (Centre Sud);[IST_G_IND] Índex socioeconòmic territorial;;108,9
[2022] 2022;[080863001] Franqueses del Vallès 1 (Bellavista Nord - Corró d'Avall - Corró d'Amunt - Llerona - Marata), les;[IST_G_IND] Índex socioeconòmic territorial;;110,7
[2022] 2022;[080863002] Franqueses del Vallès 2 (Bellavista Sud), les;[IST_G_IND] Índex socioeconòmic territorial;;71,7
[2022] 2022;[080885001] Garriga 1 (Centre i Sud), la;[IST_G_IND] Índex socioeconòmic territorial;;112
[2022] 2022;[080885002] Garriga 2 (Nord), la;[IST_G_IND] Índex socioeconòmic territorial;;109
[2022] 2022;[080898001] Gavà 1 (Centre);[IST_G_IND] Índex socioeconòmic territorial;;107,1
[2022] 2022;[080898002] Gavà 2 (Nucli Antic - Carretera de Santa Creu);[IST_G_IND] Índex socioeconòmic territorial;;102,9
[2022] 2022;[080898003] Gavà 3 (Gavà Mar);[IST_G_IND] Índex socioeconòmic territorial;;119,3
[2022] 2022;[080898004] Gavà 4 (les Panes);[IST_G_IND] Índex socioeconòmic territorial;;99,9
[2022] 2022;[080898005] Gavà 5 (la Sentiu - Ca n'Espinós - Eramprunyà);[IST_G_IND] Índex socioeconòmic territorial;;102,9
[2022] 2022;[080898006] Gavà 6 (Eixample - la Bòbila);[IST_G_IND] Índex socioeconòmic territorial;;105,9
[2022] 2022;[080898007] Gavà 7 (Can Tintorer - Can Tries);[IST_G_IND] Índex socioeconòmic territorial;;96,7
[2022] 2022;[080961001] Granollers 1 (Can Bassa - Palou);[IST_G_IND] Índex socioeconòmic territorial;;98,9
[2022] 2022;[080961002] Granollers 2 (Sant Miquel - Tres Torres);[IST_G_IND] Índex socioeconòmic territorial;;97,4
[2022] 2022;[080961003] Granollers 3 (Instituts - Sota el Camí Ral);[IST_G_IND] Índex socioeconòmic territorial;;98,2
[2022] 2022;[080961004] Granollers 4 (Centre - Joan Prim);[IST_G_IND] Índex socioeconòmic territorial;;107,3
[2022] 2022;[080961005] Granollers 5 (Lledoner - l'Hostal - Can Monic - Ponent);[IST_G_IND] Índex socioeconòmic territorial;;94,7
[2022] 2022;[080961006] Granollers 6 (Congost - Can Gili);[IST_G_IND] Índex socioeconòmic territorial;;74,1
[2022] 2022;[080961007] Granollers 7 (Font Verda - Nord);[IST_G_IND] Índex socioeconòmic territorial;;101,5
[2022] 2022;[081017001] Hospitalet de Llobregat 1 (Centre - Ajuntament), l';[IST_G_IND] Índex socioeconòmic territorial;;102,3
[2022] 2022;[081017002] Hospitalet de Llobregat 2 (Centre - Carretera del Mig), l';[IST_G_IND] Índex socioeconòmic territorial;;105,4
[2022] 2022;[081017003] Hospitalet de Llobregat 3 (Centre - la Farga), l';[IST_G_IND] Índex socioeconòmic territorial;;104,4
[2022] 2022;[081017004] Hospitalet de Llobregat 4 (Centre - Nucli Antic), l';[IST_G_IND] Índex socioeconòmic territorial;;107,9
[2022] 2022;[081017005] Hospitalet de Llobregat 5 (Sant Feliu), l';[IST_G_IND] Índex socioeconòmic territorial;;94,6
[2022] 2022;[081017006] Hospitalet de Llobregat 6 (Can Serra), l';[IST_G_IND] Índex socioeconòmic territorial;;88,1
[2022] 2022;[081017007] Hospitalet de Llobregat 7 (la Pubilla Cases - Can Vidalet), l';[IST_G_IND] Índex socioeconòmic territorial;;69,7
[2022] 2022;[081017008] Hospitalet de Llobregat 8 (la Pubilla Cases - la Bòbila), l';[IST_G_IND] Índex socioeconòmic territorial;;65,7
[2022] 2022;[081017009] Hospitalet de Llobregat 9 (la Pubilla Cases - Can Rigalt), l';[IST_G_IND] Índex socioeconòmic territorial;;75,6
[2022] 2022;[081017010] Hospitalet de Llobregat 10 (la Florida - Plaça de la Llibertat), l';[IST_G_IND] Índex socioeconòmic territorial;;67,4
[2022] 2022;[081017011] Hospitalet de Llobregat 11 (la Florida - Parc dels Ocellets), l';[IST_G_IND] Índex socioeconòmic territorial;;63,2
[2022] 2022;[081017012] Hospitalet de Llobregat 12 (la Florida - Avinguda de la Primavera), l';[IST_G_IND] Índex socioeconòmic territorial;;73,2
[2022] 2022;[081017013] Hospitalet de Llobregat 13 (les Planes - el Parc), l';[IST_G_IND] Índex socioeconòmic territorial;;63,9
[2022] 2022;[081017014] Hospitalet de Llobregat 14 (les Planes - Avinguda de Catalunya) l';[IST_G_IND] Índex socioeconòmic territorial;;69,7
[2022] 2022;[081017015] Hospitalet de Llobregat 15 (Collblanc - Centre - Vallparda), l';[IST_G_IND] Índex socioeconòmic territorial;;72,4
[2022] 2022;[081017016] Hospitalet de Llobregat 16 (Collblanc - Cementiri - Carretera), l';[IST_G_IND] Índex socioeconòmic territorial;;84
[2022] 2022;[081017017] Hospitalet de Llobregat 17 (Collblanc - Mercat), l';[IST_G_IND] Índex socioeconòmic territorial;;83,1
[2022] 2022;[081017018] Hospitalet de Llobregat 18 (la Torrassa - Plaça dels Pirineus), l';[IST_G_IND] Índex socioeconòmic territorial;;76,3
[2022] 2022;[081017019] Hospitalet de Llobregat 19 (la Torrassa - Plaça del Vidre), l';[IST_G_IND] Índex socioeconòmic territorial;;71,4
[2022] 2022;[081017020] Hospitalet de Llobregat 20 (la Torrassa - el Parc), l';[IST_G_IND] Índex socioeconòmic territorial;;70,2
[2022] 2022;[081017021] Hospitalet de Llobregat 21 (Sant Josep - Centre), l';[IST_G_IND] Índex socioeconòmic territorial;;98,9
[2022] 2022;[081017022] Hospitalet de Llobregat 22 (Sant Josep - Tecla Sala), l';[IST_G_IND] Índex socioeconòmic territorial;;89,9
[2022] 2022;[081017023] Hospitalet de Llobregat 23 (Santa Eulàlia - Església), l';[IST_G_IND] Índex socioeconòmic territorial;;99
[2022] 2022;[081017024] Hospitalet de Llobregat 24 (Santa Eulàlia - Mercat), l';[IST_G_IND] Índex socioeconòmic territorial;;101,3
[2022] 2022;[081017025] Hospitalet de Llobregat 25 (Santa Eulàlia - Centre Nord), l';[IST_G_IND] Índex socioeconòmic territorial;;92,6
[2022] 2022;[081017026] Hospitalet de Llobregat 26 (Santa Eulàlia - Centre Sud - Ciutat de la Justícia), l';[IST_G_IND] Índex socioeconòmic territorial;;101,4
[2022] 2022;[081017027] Hospitalet de Llobregat 27 (Plaça d'Europa - Fira - Residencial Granvia), l';[IST_G_IND] Índex socioeconòmic territorial;;100,1
[2022] 2022;[081017028] Hospitalet de Llobregat 28 (el Gornal), l';[IST_G_IND] Índex socioeconòmic territorial;;90,7
[2022] 2022;[081017029] Hospitalet de Llobregat 29 (Bellvitge - Estació), l';[IST_G_IND] Índex socioeconòmic territorial;;88,5
[2022] 2022;[081017030] Hospitalet de Llobregat 30 (Bellvitge - Mercat), l';[IST_G_IND] Índex socioeconòmic territorial;;94
[2022] 2022;[081017031] Hospitalet de Llobregat 31 (Bellvitge - Ermita i Hospital), l';[IST_G_IND] Índex socioeconòmic territorial;;90,2
[2022] 2022;[081022001] Igualada 1 (Centre-sud);[IST_G_IND] Índex socioeconòmic territorial;;92,8
[2022] 2022;[081022002] Igualada 2 (Centre-oest i Oest);[IST_G_IND] Índex socioeconòmic territorial;;102,7
[2022] 2022;[081022003] Igualada 3 (Sud-est);[IST_G_IND] Índex socioeconòmic territorial;;88,7
[2022] 2022;[081022004] Igualada 4 (Centre-nord i Nord-est);[IST_G_IND] Índex socioeconòmic territorial;;115,2
[2022] 2022;[081056001] Llagosta 1 (Centre-est), la;[IST_G_IND] Índex socioeconòmic territorial;;79,5
[2022] 2022;[081056002] Llagosta 2 (Oest i Exterior), la;[IST_G_IND] Índex socioeconòmic territorial;;98,6
[2022] 2022;[081075001] Lliçà d'Amunt 1 (Oest - Urbanitzacions);[IST_G_IND] Índex socioeconòmic territorial;;108,1
[2022] 2022;[081075002] Lliçà d'Amunt 2 (Est - Nucli Urbà);[IST_G_IND] Índex socioeconòmic territorial;;109,7
[2022] 2022;[081108001] Malgrat de Mar 1 (Oest i Litoral);[IST_G_IND] Índex socioeconòmic territorial;;95,7
[2022] 2022;[081108002] Malgrat de Mar 2 (Nord-est);[IST_G_IND] Índex socioeconòmic territorial;;89,3
[2022] 2022;[081120001] Manlleu 1 (Centre-nord);[IST_G_IND] Índex socioeconòmic territorial;;67,4
[2022] 2022;[081120002] Manlleu 2 (Est, Sud i Oest);[IST_G_IND] Índex socioeconòmic territorial;;86,6
[2022] 2022;[081136001] Manresa 1 (Antic i Districte Censal 6);[IST_G_IND] Índex socioeconòmic territorial;;71,4
[2022] 2022;[081136002] Manresa 2 (el Passeig i Rodalies);[IST_G_IND] Índex socioeconòmic territorial;;98,3
[2022] 2022;[081136003] Manresa 3 (Can Saldes i Plaça de Catalunya);[IST_G_IND] Índex socioeconòmic territorial;;90,9
[2022] 2022;[081136004] Manresa 4 (Valldaura);[IST_G_IND] Índex socioeconòmic territorial;;84,1
[2022] 2022;[081136005] Manresa 5 (el Poble Nou - Mion, Puigberenguer i Miralpeix);[IST_G_IND] Índex socioeconòmic territorial;;97,7
[2022] 2022;[081136006] Manresa 6 (Carretera de Santpedor);[IST_G_IND] Índex socioeconòmic territorial;;101,4
[2022] 2022;[081136007] Manresa 7 (Vic i el Remei - el Guix - la Pujada Roja);[IST_G_IND] Índex socioeconòmic territorial;;84
[2022] 2022;[081136008] Manresa 8 (la Sagrada Família - la Font dels Capellans - Viladordis);[IST_G_IND] Índex socioeconòmic territorial;;88
[2022] 2022;[081136009] Manresa 9 (les Escodines - la Balconada - Cal Gravat - Sant Pau);[IST_G_IND] Índex socioeconòmic territorial;;86,8
[2022] 2022;[081141001] Martorell 1 (Oest);[IST_G_IND] Índex socioeconòmic territorial;;109,9
[2022] 2022;[081141002] Martorell 2 (Est i Sud);[IST_G_IND] Índex socioeconòmic territorial;;73,3
[2022] 2022;[081141003] Martorell 3 (Centre-sud);[IST_G_IND] Índex socioeconòmic territorial;;65,7
[2022] 2022;[081189001] Masnou 1 (Centre-oest), el;[IST_G_IND] Índex socioeconòmic territorial;;117,1
[2022] 2022;[081189002] Masnou 2 (Est), el;[IST_G_IND] Índex socioeconòmic territorial;;113,1
[2022] 2022;[081189003] Masnou 3 (Nord-oest), el;[IST_G_IND] Índex socioeconòmic territorial;;104,5
[2022] 2022;[081213001] Mataró 1 (Centre);[IST_G_IND] Índex socioeconòmic territorial;;113,3
[2022] 2022;[081213002] Mataró 2 (Eixample - Districte Censal 1);[IST_G_IND] Índex socioeconòmic territorial;;118,4
[2022] 2022;[081213003] Mataró 3 (Eixample - Districtes Censals 2 i 3);[IST_G_IND] Índex socioeconòmic territorial;;110,6
[2022] 2022;[081213004] Mataró 4 (Eixample - Districte Censal 6);[IST_G_IND] Índex socioeconòmic territorial;;109,9
[2022] 2022;[081213005] Mataró 5 (Escorxador - el Palau);[IST_G_IND] Índex socioeconòmic territorial;;72,9
[2022] 2022;[081213006] Mataró 6 (els Molins);[IST_G_IND] Índex socioeconòmic territorial;;96
[2022] 2022;[081213007] Mataró 7 (Rocafonda);[IST_G_IND] Índex socioeconòmic territorial;;62,7
[2022] 2022;[081213008] Mataró 8 (Vista Alegre);[IST_G_IND] Índex socioeconòmic territorial;;111,3
[2022] 2022;[081213009] Mataró 9 (Cirera);[IST_G_IND] Índex socioeconòmic territorial;;104,3
[2022] 2022;[081213010] Mataró 10 (la Llàntia);[IST_G_IND] Índex socioeconòmic territorial;;99,2
[2022] 2022;[081213011] Mataró 11 (Cerdanyola Nord);[IST_G_IND] Índex socioeconòmic territorial;;82
[2022] 2022;[081213012] Mataró 12 (Cerdanyola Sud);[IST_G_IND] Índex socioeconòmic territorial;;62,3
[2022] 2022;[081213013] Mataró 13 (Peremàs);[IST_G_IND] Índex socioeconòmic territorial;;94
[2022] 2022;[081213014] Mataró 14 (Pla d'en Boet);[IST_G_IND] Índex socioeconòmic territorial;;88,1
[2022] 2022;[081234001] Molins de Rei 1 (Centre Sud - Canal - Mariona);[IST_G_IND] Índex socioeconòmic territorial;;111,7
[2022] 2022;[081234002] Molins de Rei 2 (Centre Nord - la Granja);[IST_G_IND] Índex socioeconòmic territorial;;114,4
[2022] 2022;[081234003] Molins de Rei 3 (Font dels Casats - Bonavista - la Pau - el Pla);[IST_G_IND] Índex socioeconòmic territorial;;117,7
[2022] 2022;[081249001] Mollet del Vallès 1 (Estació de França - Estació del Nord - el Calderí);[IST_G_IND] Índex socioeconòmic territorial;;88,6
[2022] 2022;[081249002] Mollet del Vallès 2 (el Centre - la Riera Seca - la Casilla);[IST_G_IND] Índex socioeconòmic territorial;;104,2
[2022] 2022;[081249003] Mollet del Vallès 3 (Can Pantiquet - el Tir Olímpic - Lourdes);[IST_G_IND] Índex socioeconòmic territorial;;97
[2022] 2022;[081249004] Mollet del Vallès 4 (la Plana Lledó);[IST_G_IND] Índex socioeconòmic territorial;;77,7
[2022] 2022;[081249005] Mollet del Vallès 5 (Can Borrell - Gallecs - Santa Rosa);[IST_G_IND] Índex socioeconòmic territorial;;109,7
[2022] 2022;[081249006] Mollet del Vallès 6 (els Col·legis Nous);[IST_G_IND] Índex socioeconòmic territorial;;88,3
[2022] 2022;[081252001] Montcada i Reixac 1 (Montcada Centre);[IST_G_IND] Índex socioeconòmic territorial;;99,3
[2022] 2022;[081252002] Montcada i Reixac 2 (Reixac - Vallençana - la Ribera);[IST_G_IND] Índex socioeconòmic territorial;;76,8
[2022] 2022;[081252003] Montcada i Reixac 3 (Can Sant Joan - Can Cuiàs);[IST_G_IND] Índex socioeconòmic territorial;;86,6
[2022] 2022;[081252004] Montcada i Reixac 4 (Terra Nostra - la Font Pudenta);[IST_G_IND] Índex socioeconòmic territorial;;97,9
[2022] 2022;[081252005] Montcada i Reixac 5 (Mas Rampinyo - Can Pomada - Carrerada - Pla d'en Coll);[IST_G_IND] Índex socioeconòmic territorial;;107,5
[2022] 2022;[081265001] Montgat 1 (Barris de Llevant);[IST_G_IND] Índex socioeconòmic territorial;;119
[2022] 2022;[081265002] Montgat 2 (Barris de Ponent);[IST_G_IND] Índex socioeconòmic territorial;;109,8
[2022] 2022;[081350000] Montmeló;[IST_G_IND] Índex socioeconòmic territorial;;101,7
[2022] 2022;[081363001] Montornès del Vallès 1 (Nord);[IST_G_IND] Índex socioeconòmic territorial;;59,7
[2022] 2022;[081363002] Montornès del Vallès 2 (Centre i Sud);[IST_G_IND] Índex socioeconòmic territorial;;103,5
[2022] 2022;[081477001] Olesa de Montserrat 1 (Centre);[IST_G_IND] Índex socioeconòmic territorial;;95,9
[2022] 2022;[081477002] Olesa de Montserrat 2 (Est);[IST_G_IND] Índex socioeconòmic territorial;;103,1
[2022] 2022;[081477003] Olesa de Montserrat 3 (Oest);[IST_G_IND] Índex socioeconòmic territorial;;101,7
[2022] 2022;[081568001] Palau-solità i Plegamans 1 (Sud);[IST_G_IND] Índex socioeconòmic territorial;;111,1
[2022] 2022;[081568002] Palau-solità i Plegamans 2 (Nord);[IST_G_IND] Índex socioeconòmic territorial;;106,3
[2022] 2022;[081574001] Pallejà 1 (Nucli Urbà Nord);[IST_G_IND] Índex socioeconòmic territorial;;108,2
[2022] 2022;[081574002] Pallejà 2 (Nucli Urbà Sud - la Magina - Fontpineda);[IST_G_IND] Índex socioeconòmic territorial;;115,4
[2022] 2022;[081593001] Parets del Vallès 1 (Sud);[IST_G_IND] Índex socioeconòmic territorial;;104,6
[2022] 2022;[081593002] Parets del Vallès 2 (Nord);[IST_G_IND] Índex socioeconòmic territorial;;108,3
[2022] 2022;[081614001] Piera 1 (Exterior i Urbanitzacions);[IST_G_IND] Índex socioeconòmic territorial;;98,2
[2022] 2022;[081614002] Piera 2 (Nucli Urbà);[IST_G_IND] Índex socioeconòmic territorial;;90,7
[2022] 2022;[081635001] Pineda de Mar 1 (Litoral Central i Interior);[IST_G_IND] Índex socioeconòmic territorial;;94
[2022] 2022;[081635002] Pineda de Mar 2 (Litoral Sud-oest);[IST_G_IND] Índex socioeconòmic territorial;;85,7
[2022] 2022;[081635003] Pineda de Mar 3 (Litoral Nord-est);[IST_G_IND] Índex socioeconòmic territorial;;87,6
[2022] 2022;[081672000] Polinyà;[IST_G_IND] Índex socioeconòmic territorial;;104
[2022] 2022;[081691001] Prat de Llobregat 1 (Nucli Antic Oest), el;[IST_G_IND] Índex socioeconòmic territorial;;96,4
[2022] 2022;[081691002] Prat de Llobregat 2 (Nucli Antic Est), el;[IST_G_IND] Índex socioeconòmic territorial;;105,2
[2022] 2022;[081691003] Prat de Llobregat 3 (Eixample Est - Barceloneta - les Palmeres), el;[IST_G_IND] Índex socioeconòmic territorial;;108,9
[2022] 2022;[081691004] Prat de Llobregat 4 (Eixample Nord), el;[IST_G_IND] Índex socioeconòmic territorial;;101
[2022] 2022;[081691005] Prat de Llobregat 5 (Eixample Sud), el;[IST_G_IND] Índex socioeconòmic territorial;;99,5
[2022] 2022;[081691006] Prat de Llobregat 6 (Eixample Oest), el;[IST_G_IND] Índex socioeconòmic territorial;;97,5
[2022] 2022;[081691007] Prat de Llobregat 7 (Sant Jordi - Ribera Baixa - Mas Mateu), el;[IST_G_IND] Índex socioeconòmic territorial;;104,7
[2022] 2022;[081691008] Prat de Llobregat 8 (Sant Cosme - la Granja), el;[IST_G_IND] Índex socioeconòmic territorial;;72,8
[2022] 2022;[081727001] Premià de Mar 1 (Est);[IST_G_IND] Índex socioeconòmic territorial;;114,9
[2022] 2022;[081727002] Premià de Mar 2 (Interior Central);[IST_G_IND] Índex socioeconòmic territorial;;86,6
[2022] 2022;[081727003] Premià de Mar 3 (Oest);[IST_G_IND] Índex socioeconòmic territorial;;111,5
[2022] 2022;[081803001] Ripollet 1 (Centre - Maragall);[IST_G_IND] Índex socioeconòmic territorial;;89,1
[2022] 2022;[081803002] Ripollet 2 (Can Clos - els Pinetons);[IST_G_IND] Índex socioeconòmic territorial;;105,4
[2022] 2022;[081803003] Ripollet 3 (Sant Andreu - Can Vargas);[IST_G_IND] Índex socioeconòmic territorial;;99,8
[2022] 2022;[081803004] Ripollet 4 (Can Mas);[IST_G_IND] Índex socioeconòmic territorial;;81,8
[2022] 2022;[081803005] Ripollet 5 (Can Tiana-Pont Vell);[IST_G_IND] Índex socioeconòmic territorial;;88,7
[2022] 2022;[081803006] Ripollet 6 (Sant Lluís);[IST_G_IND] Índex socioeconòmic territorial;;110,8
[2022] 2022;[081810000] Roca del Vallès, la;[IST_G_IND] Índex socioeconòmic territorial;;112,9
[2022] 2022;[081846001] Rubí 1 (Districte 1 Nord-oest);[IST_G_IND] Índex socioeconòmic territorial;;107,9
[2022] 2022;[081846002] Rubí 2 (Districte 2 Sud-oest);[IST_G_IND] Índex socioeconòmic territorial;;103
[2022] 2022;[081846003] Rubí 3 (Districte 3 Sud);[IST_G_IND] Índex socioeconòmic territorial;;90,5
[2022] 2022;[081846004] Rubí 4 (Districte 4 Centre);[IST_G_IND] Índex socioeconòmic territorial;;95,4
[2022] 2022;[081846005] Rubí 5 (Districte 5 Nord Central);[IST_G_IND] Índex socioeconòmic territorial;;96
[2022] 2022;[081846006] Rubí 6 (Districte 6 Est);[IST_G_IND] Índex socioeconòmic territorial;;95
[2022] 2022;[081846007] Rubí 7 (Districte 5 Nord-est);[IST_G_IND] Índex socioeconòmic territorial;;98,8
[2022] 2022;[081878001] Sabadell 1 (Centre, Ajuntament-Maristes);[IST_G_IND] Índex socioeconòmic territorial;;122,2
[2022] 2022;[081878002] Sabadell 2 (Centre, Escola Pia-Hostafrancs);[IST_G_IND] Índex socioeconòmic territorial;;120,9
[2022] 2022;[081878003] Sabadell 3 (Centre, Museu d'Art-Imperial);[IST_G_IND] Índex socioeconòmic territorial;;123,5
[2022] 2022;[081878004] Sabadell 4 (Covadonga);[IST_G_IND] Índex socioeconòmic territorial;;109,7
[2022] 2022;[081878005] Sabadell 5 (Avinguda - Eixample);[IST_G_IND] Índex socioeconòmic territorial;;108,4
[2022] 2022;[081878006] Sabadell 6 (Sol i Padrís - Nostra Llar);[IST_G_IND] Índex socioeconòmic territorial;;100,8
[2022] 2022;[081878007] Sabadell 7 (Can Puiggener);[IST_G_IND] Índex socioeconòmic territorial;;61,6
[2022] 2022;[081878008] Sabadell 8 (la Creu Alta Oest - Eix Macià);[IST_G_IND] Índex socioeconòmic territorial;;110,5
[2022] 2022;[081878009] Sabadell 9 (la Creu Alta Est - Taulí);[IST_G_IND] Índex socioeconòmic territorial;;109,9
[2022] 2022;[081878010] Sabadell 10 (Ca n'Oriac - Torreguitart - Torrent del Capellà);[IST_G_IND] Índex socioeconòmic territorial;;82,8
[2022] 2022;[081878011] Sabadell 11 (Can Deu - la Plana del Pintor);[IST_G_IND] Índex socioeconòmic territorial;;84,6
[2022] 2022;[081878012] Sabadell 12 (la Roureda - Sant Julià);[IST_G_IND] Índex socioeconòmic territorial;;92,4
[2022] 2022;[081878013] Sabadell 13 (Can Llong - Castellarnau);[IST_G_IND] Índex socioeconòmic territorial;;116,3
[2022] 2022;[081878014] Sabadell 14 (Can Rull Nord - Via Alexandra);[IST_G_IND] Índex socioeconòmic territorial;;89,5
[2022] 2022;[081878015] Sabadell 15 (Can Rull Sud - Cifuentes);[IST_G_IND] Índex socioeconòmic territorial;;86,9
[2022] 2022;[081878016] Sabadell 16 (la Concòrdia);[IST_G_IND] Índex socioeconòmic territorial;;97,3
[2022] 2022;[081878017] Sabadell 17 (Can Feu - els Merinals - la Serra d'en Camaró);[IST_G_IND] Índex socioeconòmic territorial;;91,2
[2022] 2022;[081878018] Sabadell 18 (Gràcia);[IST_G_IND] Índex socioeconòmic territorial;;111,3
[2022] 2022;[081878019] Sabadell 19 (la Creu de Barberà Oest);[IST_G_IND] Índex socioeconòmic territorial;;85
[2022] 2022;[081878020] Sabadell 20 (la Creu de Barberà Est - les Termes);[IST_G_IND] Índex socioeconòmic territorial;;82,4
[2022] 2022;[081878021] Sabadell 21 (Campoamor - Espronceda);[IST_G_IND] Índex socioeconòmic territorial;;72
[2022] 2022;[081878022] Sabadell 22 (Torre-romeu - Can Roqueta - el Poblenou);[IST_G_IND] Índex socioeconòmic territorial;;74,2
[2022] 2022;[081944001] Sant Adrià de Besòs 1 (Sant Adrià Nord - sector Església-Ajuntament);[IST_G_IND] Índex socioeconòmic territorial;;100,2
[2022] 2022;[081944002] Sant Adrià de Besòs 2 (Sant Adrià Nord - sector els Encants);[IST_G_IND] Índex socioeconòmic territorial;;97,3
[2022] 2022;[081944003] Sant Adrià de Besòs 3 (Sant Joan Baptista - la Marina del Besòs);[IST_G_IND] Índex socioeconòmic territorial;;97,2
[2022] 2022;[081944004] Sant Adrià de Besòs 4 (la Mina - la Catalana);[IST_G_IND] Índex socioeconòmic territorial;;71,7
[2022] 2022;[081944005] Sant Adrià de Besòs 5 (el Besòs - Via Trajana-Montsolís);[IST_G_IND] Índex socioeconòmic territorial;;82,9
[2022] 2022;[081960001] Sant Andreu de la Barca 1 (Centre);[IST_G_IND] Índex socioeconòmic territorial;;92,1
[2022] 2022;[081960002] Sant Andreu de la Barca 2 (la Solana);[IST_G_IND] Índex socioeconòmic territorial;;96,7
[2022] 2022;[081960003] Sant Andreu de la Barca 3 (Estació - Raval de Corbera - la Creu de Susalba);[IST_G_IND] Índex socioeconòmic territorial;;99,3
[2022] 2022;[081960004] Sant Andreu de la Barca 4 (el Palau);[IST_G_IND] Índex socioeconòmic territorial;;111
[2022] 2022;[081976000] Sant Andreu de Llavaneres;[IST_G_IND] Índex socioeconòmic territorial;;114,2
[2022] 2022;[082009001] Sant Boi de Llobregat 1 (Centre);[IST_G_IND] Índex socioeconòmic territorial;;101
[2022] 2022;[082009002] Sant Boi de Llobregat 2 (Nucli Antic);[IST_G_IND] Índex socioeconòmic territorial;;106,1
[2022] 2022;[082009003] Sant Boi de Llobregat 3 (Vinyets Sud - Molí Vell - les Salines);[IST_G_IND] Índex socioeconòmic territorial;;99,9
[2022] 2022;[082009004] Sant Boi de Llobregat 4 (Vinyets Nord);[IST_G_IND] Índex socioeconòmic territorial;;101,3
[2022] 2022;[082009005] Sant Boi de Llobregat 5 (Casablanca);[IST_G_IND] Índex socioeconòmic territorial;;90,4
[2022] 2022;[082009006] Sant Boi de Llobregat 6 (Camps Blancs);[IST_G_IND] Índex socioeconòmic territorial;;86,3
[2022] 2022;[082009007] Sant Boi de Llobregat 7 (Marianao - Parc - Can Carreras - Benviure);[IST_G_IND] Índex socioeconòmic territorial;;113,2
[2022] 2022;[082009008] Sant Boi de Llobregat 8 (Marianao - Centre);[IST_G_IND] Índex socioeconòmic territorial;;99,3
[2022] 2022;[082009009] Sant Boi de Llobregat 9 (Marianao - Salesians);[IST_G_IND] Índex socioeconòmic territorial;;96,1
[2022] 2022;[082009010] Sant Boi de Llobregat 10 (Marianao - l'Hospital);[IST_G_IND] Índex socioeconòmic territorial;;107,7
[2022] 2022;[082009011] Sant Boi de Llobregat 11 (Ciutat Cooperativa);[IST_G_IND] Índex socioeconòmic territorial;;91
[2022] 2022;[082021001] Sant Celoni 1 (Nucli Urbà Nord - Exterior);[IST_G_IND] Índex socioeconòmic territorial;;102,8
[2022] 2022;[082021002] Sant Celoni 2 (Nucli Urbà Sud);[IST_G_IND] Índex socioeconòmic territorial;;93,5
[2022] 2022;[082055001] Sant Cugat del Vallès 1 (Nucli Antic);[IST_G_IND] Índex socioeconòmic territorial;;112,7
[2022] 2022;[082055002] Sant Cugat del Vallès 2 (Torreblanca - Torrenegra - Sol i Aire - Sant Medir);[IST_G_IND] Índex socioeconòmic territorial;;129,8
[2022] 2022;[082055003] Sant Cugat del Vallès 3 (Vila del Prat - Eixample Sud - Can Trabal);[IST_G_IND] Índex socioeconòmic territorial;;117,5
[2022] 2022;[082055004] Sant Cugat del Vallès 4 (la Floresta - les Planes - Collserola - Can Burrull - Can Cortès);[IST_G_IND] Índex socioeconòmic territorial;;113,3
[2022] 2022;[082055005] Sant Cugat del Vallès 5 (Valldoreix - Colònia Montserrat - Can Galopa);[IST_G_IND] Índex socioeconòmic territorial;;127,8
[2022] 2022;[082055006] Sant Cugat del Vallès 6 (Mirasol - Mas Gener - Can Cabassa - Can Fontanals - les Casetes de Can Ravella);[IST_G_IND] Índex socioeconòmic territorial;;128
[2022] 2022;[082055007] Sant Cugat del Vallès 7 (Turó de Can Mates - Bell Indret - Colònia Oller - Can Gatxet);[IST_G_IND] Índex socioeconòmic territorial;;131,6
[2022] 2022;[082055008] Sant Cugat del Vallès 8 (Parc Central - el Colomer - Pla de la Pagesa - Can Majó);[IST_G_IND] Índex socioeconòmic territorial;;133,9
[2022] 2022;[082055009] Sant Cugat del Vallès 9 (Can Sant Joan - Sant Mamet - Vullpalleres - Can Barata - Sector Nord - Can Graells);[IST_G_IND] Índex socioeconòmic territorial;;127,8
[2022] 2022;[082055010] Sant Cugat del Vallès 10 (Roquetes - Coll Favà - Sant Domènec);[IST_G_IND] Índex socioeconòmic territorial;;128,8
[2022] 2022;[082055011] Sant Cugat del Vallès 11 (Sant Francesc - Can Magí el Coll);[IST_G_IND] Índex socioeconòmic territorial;;107,8
[2022] 2022;[082114001] Sant Feliu de Llobregat 1 (Can Nadal - Can Maginàs);[IST_G_IND] Índex socioeconòmic territorial;;114,6
[2022] 2022;[082114002] Sant Feliu de Llobregat 2 (la Salut);[IST_G_IND] Índex socioeconòmic territorial;;92,1
[2022] 2022;[082114003] Sant Feliu de Llobregat 3 (Can Calders);[IST_G_IND] Índex socioeconòmic territorial;;96,8
[2022] 2022;[082114004] Sant Feliu de Llobregat 4 (Mas Lluhí);[IST_G_IND] Índex socioeconòmic territorial;;122,9
[2022] 2022;[082114005] Sant Feliu de Llobregat 5 (Roses - Castellbell);[IST_G_IND] Índex socioeconòmic territorial;;109,1
[2022] 2022;[082114006] Sant Feliu de Llobregat 6 (Can Falguera - el Pla - Palau - Bon Salvador);[IST_G_IND] Índex socioeconòmic territorial;;108,8
[2022] 2022;[082114007] Sant Feliu de Llobregat 7 (Can Falguera - Parc del Llobregat - Eixample - l'Armentera);[IST_G_IND] Índex socioeconòmic territorial;;109,1
[2022] 2022;[082140000] Vilassar de Dalt;[IST_G_IND] Índex socioeconòmic territorial;;112,1
[2022] 2022;[082172001] Sant Joan Despí 1 (Nucli Antic - Centre);[IST_G_IND] Índex socioeconòmic territorial;;109,7
[2022] 2022;[082172002] Sant Joan Despí 2 (Nucli Antic - Bon Viatge);[IST_G_IND] Índex socioeconòmic territorial;;114
[2022] 2022;[082172003] Sant Joan Despí 3 (Nucli Antic - Eixample);[IST_G_IND] Índex socioeconòmic territorial;;127,4
[2022] 2022;[082172004] Sant Joan Despí 4 (Pla del Vent - Sant Joan - les Mossotes);[IST_G_IND] Índex socioeconòmic territorial;;118,7
[2022] 2022;[082172005] Sant Joan Despí 5 (les Planes);[IST_G_IND] Índex socioeconòmic territorial;;88,8
[2022] 2022;[082188000] Sant Joan de Vilatorrada;[IST_G_IND] Índex socioeconòmic territorial;;98,8
[2022] 2022;[082191001] Vilassar de Mar 1 (Litoral i Est);[IST_G_IND] Índex socioeconòmic territorial;;119,5
[2022] 2022;[082191002] Vilassar de Mar 2 (Interior i Nord);[IST_G_IND] Índex socioeconòmic territorial;;113,6
[2022] 2022;[082212001] Sant Just Desvern 1 (Centre - Bellsoleig - la Plana - la Miranda);[IST_G_IND] Índex socioeconòmic territorial;;127,2
[2022] 2022;[082212002] Sant Just Desvern 2 (Nord - Carretera - les Basses de Sant Pere);[IST_G_IND] Índex socioeconòmic territorial;;120,3
[2022] 2022;[082212003] Sant Just Desvern 3 (Can Sagrera - Sud);[IST_G_IND] Índex socioeconòmic territorial;;120,2
[2022] 2022;[082303000] Premià de Dalt;[IST_G_IND] Índex socioeconòmic territorial;;112,7
[2022] 2022;[082310001] Sant Pere de Ribes 1 (Nucli Urbà i Exterior Oest);[IST_G_IND] Índex socioeconòmic territorial;;105,4
[2022] 2022;[082310002] Sant Pere de Ribes 2 (les Roquetes);[IST_G_IND] Índex socioeconòmic territorial;;87,7
[2022] 2022;[082310003] Sant Pere de Ribes 3 (Urbanitzacions i Exteriors Est i Sud);[IST_G_IND] Índex socioeconòmic territorial;;108
[2022] 2022;[082384001] Sant Quirze del Vallès 1 (Exterior i Urbanitzacions);[IST_G_IND] Índex socioeconòmic territorial;;123,2
[2022] 2022;[082384002] Sant Quirze del Vallès 2 (Nucli Urbà);[IST_G_IND] Índex socioeconòmic territorial;;117,1
[2022] 2022;[082401001] Sant Sadurní d'Anoia 1 (Districte Censal 1);[IST_G_IND] Índex socioeconòmic territorial;;106,2
[2022] 2022;[082401002] Sant Sadurní d'Anoia 2 (Districte Censal 2);[IST_G_IND] Índex socioeconòmic territorial;;107,7
[2022] 2022;[082457001] Santa Coloma de Gramenet 1 (Centre);[IST_G_IND] Índex socioeconòmic territorial;;98,4
[2022] 2022;[082457002] Santa Coloma de Gramenet 2 (Sagarra - Rambla de Sant Sebastià);[IST_G_IND] Índex socioeconòmic territorial;;91,5
[2022] 2022;[082457003] Santa Coloma de Gramenet 3 (Can Mariner);[IST_G_IND] Índex socioeconòmic territorial;;72,6
[2022] 2022;[082457004] Santa Coloma de Gramenet 4 (Riu Sud - Torre Balldovina);[IST_G_IND] Índex socioeconòmic territorial;;82,4
[2022] 2022;[082457005] Santa Coloma de Gramenet 5 (Riu Sud - Pont de Santa Coloma);[IST_G_IND] Índex socioeconòmic territorial;;90,6
[2022] 2022;[082457006] Santa Coloma de Gramenet 6 (Riu Nord);[IST_G_IND] Índex socioeconòmic territorial;;98,8
[2022] 2022;[082457007] Santa Coloma de Gramenet 7 (Singuerlin - Can Zam);[IST_G_IND] Índex socioeconòmic territorial;;93,4
[2022] 2022;[082457008] Santa Coloma de Gramenet 8 (les Oliveres - Can Franquesa);[IST_G_IND] Índex socioeconòmic territorial;;82,1
[2022] 2022;[082457009] Santa Coloma de Gramenet 9 (la Guinardera - Singuerlin Est - Torribera);[IST_G_IND] Índex socioeconòmic territorial;;99,3
[2022] 2022;[082457010] Santa Coloma de Gramenet 10 (Cementiri Vell - la Riera Alta - Llatí Nord);[IST_G_IND] Índex socioeconòmic territorial;;94,7
[2022] 2022;[082457011] Santa Coloma de Gramenet 11 (Llatí);[IST_G_IND] Índex socioeconòmic territorial;;79,4
[2022] 2022;[082457012] Santa Coloma de Gramenet 12 (Rambla del Fondo);[IST_G_IND] Índex socioeconòmic territorial;;62,3
[2022] 2022;[082457013] Santa Coloma de Gramenet 13 (el Fondo Alt);[IST_G_IND] Índex socioeconòmic territorial;;52,5
[2022] 2022;[082457014] Santa Coloma de Gramenet 14 (Santa Rosa - Pirineus);[IST_G_IND] Índex socioeconòmic territorial;;65
[2022] 2022;[082457015] Santa Coloma de Gramenet 15 (Santa Rosa - Pont de Potosí);[IST_G_IND] Índex socioeconòmic territorial;;70,6
[2022] 2022;[082457016] Santa Coloma de Gramenet 16 (el Raval - Safaretjos);[IST_G_IND] Índex socioeconòmic territorial;;73,5
[2022] 2022;[082508000] Santa Margarida de Montbui;[IST_G_IND] Índex socioeconòmic territorial;;86,2
[2022] 2022;[082520001] Barberà del Vallès 1 (Centre Nord - Can Llobet - Parc Central);[IST_G_IND] Índex socioeconòmic territorial;;105,5
[2022] 2022;[082520002] Barberà del Vallès 2 (la Romànica - Can Rabella - Molí d'en Santo - Parc d'Europa);[IST_G_IND] Índex socioeconòmic territorial;;108,8
[2022] 2022;[082520003] Barberà del Vallès 3 (Barri Antic - Polígons Ronda Santa Maria, Santiga i Salvatella);[IST_G_IND] Índex socioeconòmic territorial;;99,9
[2022] 2022;[082520004] Barberà del Vallès 4 (Centre Sud - Can Serra);[IST_G_IND] Índex socioeconòmic territorial;;101,2
[2022] 2022;[082520005] Barberà del Vallès 5 (Can Gorgs - Ca n'Esteper);[IST_G_IND] Índex socioeconòmic territorial;;107
[2022] 2022;[082606001] Santa Perpètua de Mogoda 1 (Nucli Urbà);[IST_G_IND] Índex socioeconòmic territorial;;88,9
[2022] 2022;[082606002] Santa Perpètua de Mogoda 2 (Exterior i Urbanitzacions);[IST_G_IND] Índex socioeconòmic territorial;;109,3
[2022] 2022;[082634001] Sant Vicenç dels Horts 1 (Nucli Antic - la Vinyala - el Poble Nou);[IST_G_IND] Índex socioeconòmic territorial;;104,7
[2022] 2022;[082634002] Sant Vicenç dels Horts 2 (Sant Roc - Sant Antoni);[IST_G_IND] Índex socioeconòmic territorial;;105
[2022] 2022;[082634003] Sant Vicenç dels Horts 3 (la Guàrdia - Sant josep);[IST_G_IND] Índex socioeconòmic territorial;;89,1
[2022] 2022;[082634004] Sant Vicenç dels Horts 4 (la Vailet - Can Ros - Molí dels Frares);[IST_G_IND] Índex socioeconòmic territorial;;97,9
[2022] 2022;[082665001] Cerdanyola del Vallès 1 (Centre - Sant Ramon - Parcers - Guiera);[IST_G_IND] Índex socioeconòmic territorial;;112
[2022] 2022;[082665002] Cerdanyola del Vallès 2 (les Fontetes);[IST_G_IND] Índex socioeconòmic territorial;;94,9
[2022] 2022;[082665003] Cerdanyola del Vallès 3 (Altamira - Turonet - Canaletes);[IST_G_IND] Índex socioeconòmic territorial;;116,6
[2022] 2022;[082665004] Cerdanyola del Vallès 4 (Santa Rosa - Gorgs - Montflorit);[IST_G_IND] Índex socioeconòmic territorial;;110,4
[2022] 2022;[082665005] Cerdanyola del Vallès 5 (Serraparera - Bellaterra);[IST_G_IND] Índex socioeconòmic territorial;;113,8
[2022] 2022;[082665006] Cerdanyola del Vallès 6 (la Clota - Cerdanyola 2000 - Banús);[IST_G_IND] Índex socioeconòmic territorial;;101,1
[2022] 2022;[082665007] Cerdanyola del Vallès 7 (Cordelles - Can Xarau);[IST_G_IND] Índex socioeconòmic territorial;;105,9
[2022] 2022;[082665008] Cerdanyola del Vallès 8 (la Sínia - Catalunya - Carretera de Barcelona);[IST_G_IND] Índex socioeconòmic territorial;;109,8
[2022] 2022;[082671000] Sentmenat;[IST_G_IND] Índex socioeconòmic territorial;;108
[2022] 2022;[082704001] Sitges 1 (Centre Urbà);[IST_G_IND] Índex socioeconòmic territorial;;103,4
[2022] 2022;[082704002] Sitges 2 (Exterior i Urbanitzacions);[IST_G_IND] Índex socioeconòmic territorial;;114,2
[2022] 2022;[082704003] Sitges 3 (Est);[IST_G_IND] Índex socioeconòmic territorial;;118,9
[2022] 2022;[082798001] Terrassa 1 (Cementiri Vell);[IST_G_IND] Índex socioeconòmic territorial;;105,6
[2022] 2022;[082798002] Terrassa 2 (Centre - Plaça Vella);[IST_G_IND] Índex socioeconòmic territorial;;119,8
[2022] 2022;[082798003] Terrassa 3 (Centre - Estació del Nord);[IST_G_IND] Índex socioeconòmic territorial;;121,1
[2022] 2022;[082798004] Terrassa 4 (Vallparadís - Antic Poble de Sant Pere);[IST_G_IND] Índex socioeconòmic territorial;;111,8
[2022] 2022;[082798005] Terrassa 5 (Plaça de Catalunya - Escola Industrial);[IST_G_IND] Índex socioeconòmic territorial;;96,9
[2022] 2022;[082798006] Terrassa 6 (Ca n'Anglada);[IST_G_IND] Índex socioeconòmic territorial;;61,8
[2022] 2022;[082798007] Terrassa 7 (Torre-sana - Montserrat - Can Vilardell);[IST_G_IND] Índex socioeconòmic territorial;;89,2
[2022] 2022;[082798008] Terrassa 8 (Can Palet);[IST_G_IND] Índex socioeconòmic territorial;;88,4
[2022] 2022;[082798009] Terrassa 9 (Can Jofresa - Can Palet II - Guadalhorce - Xúquer);[IST_G_IND] Índex socioeconòmic territorial;;79
[2022] 2022;[082798010] Terrassa 10 (Can Parellada - les Fonts);[IST_G_IND] Índex socioeconòmic territorial;;96,9
[2022] 2022;[082798011] Terrassa 11 (Segle XX);[IST_G_IND] Índex socioeconòmic territorial;;109,5
[2022] 2022;[082798012] Terrassa 12 (Ca n'Aurell Est);[IST_G_IND] Índex socioeconòmic territorial;;111,6
[2022] 2022;[082798013] Terrassa 13 (Ca n'Aurell Oest);[IST_G_IND] Índex socioeconòmic territorial;;107
[2022] 2022;[082798014] Terrassa 14 (la Cogullada);[IST_G_IND] Índex socioeconòmic territorial;;97,5
[2022] 2022;[082798015] Terrassa 15 (la Maurina);[IST_G_IND] Índex socioeconòmic territorial;;82
[2022] 2022;[082798016] Terrassa 16 (Roc Blanc - Urbanitzacions Districte Censal 4);[IST_G_IND] Índex socioeconòmic territorial;;107,1
[2022] 2022;[082798017] Terrassa 17 (Can Boada);[IST_G_IND] Índex socioeconòmic territorial;;94,9
[2022] 2022;[082798018] Terrassa 18 (Can Roca - Pla del Bon Aire);[IST_G_IND] Índex socioeconòmic territorial;;107,8
[2022] 2022;[082798019] Terrassa 19 (Poble Nou - Zona Esportiva);[IST_G_IND] Índex socioeconòmic territorial;;107,9
[2022] 2022;[082798020] Terrassa 20 (Sant Pere);[IST_G_IND] Índex socioeconòmic territorial;;107,6
[2022] 2022;[082798021] Terrassa 21 (Torrent d'en Pere Parres);[IST_G_IND] Índex socioeconòmic territorial;;109,2
[2022] 2022;[082798022] Terrassa 22 (les Arenes - la Grípia - Can Montllor);[IST_G_IND] Índex socioeconòmic territorial;;98,9
[2022] 2022;[082798023] Terrassa 23 (Ègara);[IST_G_IND] Índex socioeconòmic territorial;;77,6
[2022] 2022;[082798024] Terrassa 24 (Sant Llorenç);[IST_G_IND] Índex socioeconòmic territorial;;69,5
[2022] 2022;[082798025] Terrassa 25 (Sant Pere Nord - Can Tusell);[IST_G_IND] Índex socioeconòmic territorial;;88,9
[2022] 2022;[082824000] Tiana;[IST_G_IND] Índex socioeconòmic territorial;;124,6
[2022] 2022;[082845001] Tordera 1 (Nucli Urbà);[IST_G_IND] Índex socioeconòmic territorial;;88,6
[2022] 2022;[082845002] Tordera 2 (Exterior i Urbanitzacions);[IST_G_IND] Índex socioeconòmic territorial;;93,1
[2022] 2022;[082858001] Torelló 1 (Nord-est);[IST_G_IND] Índex socioeconòmic territorial;;97,7
[2022] 2022;[082858002] Torelló 2 (Sud-oest);[IST_G_IND] Índex socioeconòmic territorial;;87,4
[2022] 2022;[082956001] Vallirana 1 (Exterior, Urbanitzacions i P. I. de Can Prunera);[IST_G_IND] Índex socioeconòmic territorial;;110,4
[2022] 2022;[082956002] Vallirana 2 (Centre Urbà);[IST_G_IND] Índex socioeconòmic territorial;;103,5
[2022] 2022;[082981001] Vic 1 (Nord-est);[IST_G_IND] Índex socioeconòmic territorial;;90
[2022] 2022;[082981002] Vic 2 (Sud-oest);[IST_G_IND] Índex socioeconòmic territorial;;56,9
[2022] 2022;[082981003] Vic 3 (Sud-est);[IST_G_IND] Índex socioeconòmic territorial;;84,6
[2022] 2022;[082981004] Vic 4 (Nord-oest);[IST_G_IND] Índex socioeconòmic territorial;;103,2
[2022] 2022;[083015001] Viladecans 1 (Barri Antic - Centre Sud);[IST_G_IND] Índex socioeconòmic territorial;;95,9
[2022] 2022;[083015002] Viladecans 2 (Can Sellarès - Poblats Roca i Hospital - Can Palmer - Can Batllori - Can Xic);[IST_G_IND] Índex socioeconòmic territorial;;96,1
[2022] 2022;[083015003] Viladecans 3 (Alba - Rosa);[IST_G_IND] Índex socioeconòmic territorial;;115,4
[2022] 2022;[083015004] Viladecans 4 (Santa Isabel - Torrent Ballester);[IST_G_IND] Índex socioeconòmic territorial;;111,1
[2022] 2022;[083015005] Viladecans 5 (Montserratina - Mas Rates);[IST_G_IND] Índex socioeconòmic territorial;;95,9
[2022] 2022;[083015006] Viladecans 6 (el Molí - Can Ginestar);[IST_G_IND] Índex socioeconòmic territorial;;109,5
[2022] 2022;[083015007] Viladecans 7 (Centre Nord);[IST_G_IND] Índex socioeconòmic territorial;;97,2
[2022] 2022;[083015008] Viladecans 8 (Torre Roja - Levadura);[IST_G_IND] Índex socioeconòmic territorial;;109,8
[2022] 2022;[083015009] Viladecans 9 (Sales - Sant Jordi - Gabrielistes);[IST_G_IND] Índex socioeconòmic territorial;;106,1
[2022] 2022;[083020001] Vilanova del Camí 1 (Sud-oest);[IST_G_IND] Índex socioeconòmic territorial;;89,8
[2022] 2022;[083020002] Vilanova del Camí 2 (Nord-est);[IST_G_IND] Índex socioeconòmic territorial;;94,7
[2022] 2022;[083054001] Vilafranca del Penedès 1 (Sant Julià - Barceloneta - Centre Vila - el Bordellet);[IST_G_IND] Índex socioeconòmic territorial;;96,9
[2022] 2022;[083054002] Vilafranca del Penedès 2 (Poble Nou);[IST_G_IND] Índex socioeconòmic territorial;;101
[2022] 2022;[083054003] Vilafranca del Penedès 3 (l'Espirall - Centre Vila);[IST_G_IND] Índex socioeconòmic territorial;;78,3
[2022] 2022;[083054004] Vilafranca del Penedès 4 (les Clotes - Centre Vila - Sant Pau);[IST_G_IND] Índex socioeconòmic territorial;;88,6
[2022] 2022;[083054005] Vilafranca del Penedès 5 (la Girada - Molí d'en Rovira - Poble Nou Sud-oest - Cal Salines - Pere Pau);[IST_G_IND] Índex socioeconòmic territorial;;112,6
[2022] 2022;[083073001] Vilanova i la Geltrú 1 (Sant Joan Sud - Can Marquès - Plaça de la Sardana);[IST_G_IND] Índex socioeconòmic territorial;;104,8
[2022] 2022;[083073002] Vilanova i la Geltrú 2 (Sant Joan Nord);[IST_G_IND] Índex socioeconòmic territorial;;93,8
[2022] 2022;[083073003] Vilanova i la Geltrú 3 (Barri de Mar - Ribes Roges - Prat de Vilanova);[IST_G_IND] Índex socioeconòmic territorial;;104,9
[2022] 2022;[083073004] Vilanova i la Geltrú 4 (la Geltrú - Masia Nova);[IST_G_IND] Índex socioeconòmic territorial;;103,9
[2022] 2022;[083073005] Vilanova i la Geltrú 5 (l'Armanyà - Casernes - Tacó);[IST_G_IND] Índex socioeconòmic territorial;;87
[2022] 2022;[083073006] Vilanova i la Geltrú 6 (Centrevila - Nucli Antic);[IST_G_IND] Índex socioeconòmic territorial;;104,2
[2022] 2022;[083073007] Vilanova i la Geltrú 7 (Molí de Vent - l'Aragai);[IST_G_IND] Índex socioeconòmic territorial;;107,1
[2022] 2022;[083073008] Vilanova i la Geltrú 8 (la Collada - els Sis Camins - Fondo Somella);[IST_G_IND] Índex socioeconòmic territorial;;107,4
[2022] 2022;[089045001] Badia del Vallès 1 (Badia vora Riu Sec);[IST_G_IND] Índex socioeconòmic territorial;;83,2
[2022] 2022;[089045002] Badia del Vallès 2 (Badia vora Barberà);[IST_G_IND] Índex socioeconòmic territorial;;88
[2022] 2022;[170157001] Banyoles 1 (Sud-oest);[IST_G_IND] Índex socioeconòmic territorial;;102,9
[2022] 2022;[170157002] Banyoles 2 (Nord-est);[IST_G_IND] Índex socioeconòmic territorial;;82,6
[2022] 2022;[170221000] Bisbal d'Empordà, la;[IST_G_IND] Índex socioeconòmic territorial;;84,5
[2022] 2022;[170237001] Blanes 1 (Litoral Sud);[IST_G_IND] Índex socioeconòmic territorial;;84,8
[2022] 2022;[170237002] Blanes 2 (Interior Central);[IST_G_IND] Índex socioeconòmic territorial;;86
[2022] 2022;[170237003] Blanes 3 (Interior Nord i Oest);[IST_G_IND] Índex socioeconòmic territorial;;90
[2022] 2022;[170237004] Blanes 4 (Litoral Central i Nord);[IST_G_IND] Índex socioeconòmic territorial;;104,8
[2022] 2022;[170340000] Calonge i Sant Antoni;[IST_G_IND] Índex socioeconòmic territorial;;95,4
[2022] 2022;[170448000] Cassà de la Selva;[IST_G_IND] Índex socioeconòmic territorial;;92,8
[2022] 2022;[170470000] Castelló d'Empúries;[IST_G_IND] Índex socioeconòmic territorial;;76,2
[2022] 2022;[170486000] Castell d'Aro, Platja d'Aro i s'Agaró;[IST_G_IND] Índex socioeconòmic territorial;;88,4
[2022] 2022;[170622000] Escala, l';[IST_G_IND] Índex socioeconòmic territorial;;83,5
[2022] 2022;[170669001] Figueres 1 (Centre-nord);[IST_G_IND] Índex socioeconòmic territorial;;67,5
[2022] 2022;[170669002] Figueres 2 (Centre-sud);[IST_G_IND] Índex socioeconòmic territorial;;74,7
[2022] 2022;[170669003] Figueres 3 (Nord-oest);[IST_G_IND] Índex socioeconòmic territorial;;84,1
[2022] 2022;[170669004] Figueres 4 (Oest);[IST_G_IND] Índex socioeconòmic territorial;;52,3
[2022] 2022;[170669005] Figueres 5 (Est);[IST_G_IND] Índex socioeconòmic territorial;;65,4
[2022] 2022;[170669006] Figueres 6 (Sud);[IST_G_IND] Índex socioeconòmic territorial;;86,8
[2022] 2022;[170792001] Girona 1 (Barri Vell, el Carme, el Mercadal, Sant Daniel);[IST_G_IND] Índex socioeconòmic territorial;;104,2
[2022] 2022;[170792002] Girona 2 (la Font de la Pólvora - Vila-roja);[IST_G_IND] Índex socioeconòmic territorial;;51,4
[2022] 2022;[170792003] Girona 3 (Eixample Nord-est);[IST_G_IND] Índex socioeconòmic territorial;;112
[2022] 2022;[170792004] Girona 4 (Eixample Nord-oest);[IST_G_IND] Índex socioeconòmic territorial;;106,3
[2022] 2022;[170792005] Girona 5 (Eixample Sud-est);[IST_G_IND] Índex socioeconòmic territorial;;110,9
[2022] 2022;[170792006] Girona 6 (Eixample Sud-oest - Sant Narcís - Mas Xirgu);[IST_G_IND] Índex socioeconòmic territorial;;80,1
[2022] 2022;[170792007] Girona 7 (Montjuïc);[IST_G_IND] Índex socioeconòmic territorial;;127,8
[2022] 2022;[170792008] Girona 8 (Pedret, Pont Major);[IST_G_IND] Índex socioeconòmic territorial;;82,3
[2022] 2022;[170792009] Girona 9 (Oest - Fontajau, Sant Ponç, Talaià, Domeny);[IST_G_IND] Índex socioeconòmic territorial;;102
[2022] 2022;[170792010] Girona 10 (Santa Eugènia - Can Gibert del Pla);[IST_G_IND] Índex socioeconòmic territorial;;75,2
[2022] 2022;[170792011] Girona 11 (Montilivi, Creueta, Palau, l'Avellaneda);[IST_G_IND] Índex socioeconòmic territorial;;115,9
[2022] 2022;[170890000] Llagostera;[IST_G_IND] Índex socioeconòmic territorial;;88,4
[2022] 2022;[170950001] Lloret de Mar 1 (Interior Nord i Oest);[IST_G_IND] Índex socioeconòmic territorial;;92,1
[2022] 2022;[170950002] Lloret de Mar 2 (Litoral Central i Oest);[IST_G_IND] Índex socioeconòmic territorial;;73,1
[2022] 2022;[170950003] Lloret de Mar 3 (Litoral Est i Interior Est);[IST_G_IND] Índex socioeconòmic territorial;;80,8
[2022] 2022;[170950004] Lloret de Mar 4 (Interior Central);[IST_G_IND] Índex socioeconòmic territorial;;79,7
[2022] 2022;[171143001] Olot 1 (Centre-nord i Nord);[IST_G_IND] Índex socioeconòmic territorial;;68
[2022] 2022;[171143002] Olot 2 (Sud);[IST_G_IND] Índex socioeconòmic territorial;;88,4
[2022] 2022;[171143003] Olot 3 (Centre-est i Est);[IST_G_IND] Índex socioeconòmic territorial;;98,1
[2022] 2022;[171143004] Olot 4 (Oest);[IST_G_IND] Índex socioeconòmic territorial;;100,4
[2022] 2022;[171175001] Palafrugell 1 (Oest);[IST_G_IND] Índex socioeconòmic territorial;;75,8
[2022] 2022;[171175002] Palafrugell 2 (Est);[IST_G_IND] Índex socioeconòmic territorial;;90,5
[2022] 2022;[171181001] Palamós 1 (Est);[IST_G_IND] Índex socioeconòmic territorial;;91,9
[2022] 2022;[171181002] Palamós 2 (Oest);[IST_G_IND] Índex socioeconòmic territorial;;97,5
[2022] 2022;[171411000] Puigcerdà;[IST_G_IND] Índex socioeconòmic territorial;;90,7
[2022] 2022;[171479000] Ripoll;[IST_G_IND] Índex socioeconòmic territorial;;90,9
[2022] 2022;[171523001] Roses 1 (Litoral Central i Oest);[IST_G_IND] Índex socioeconòmic territorial;;71,1
[2022] 2022;[171523002] Roses 2 (Interior i Est);[IST_G_IND] Índex socioeconòmic territorial;;93
[2022] 2022;[171557001] Salt 1 (Nucli Urbà Sud i Exterior);[IST_G_IND] Índex socioeconòmic territorial;;80,2
[2022] 2022;[171557002] Salt 2 (Nucli Urbà Nord-est);[IST_G_IND] Índex socioeconòmic territorial;;54,8
[2022] 2022;[171557003] Salt 3 (Nucli Urbà Nord-oest);[IST_G_IND] Índex socioeconòmic territorial;;35,2
[2022] 2022;[171609001] Sant Feliu de Guíxols 1 (Est, Centre i Oest);[IST_G_IND] Índex socioeconòmic territorial;;91,9
[2022] 2022;[171609002] Sant Feliu de Guíxols 2 (Nord);[IST_G_IND] Índex socioeconòmic territorial;;75,9
[2022] 2022;[171805001] Santa Coloma de Farners 1 (Centre Urbà);[IST_G_IND] Índex socioeconòmic territorial;;76
[2022] 2022;[171805002] Santa Coloma de Farners 2 (Eixamples Sud-est i Nord-oest, i Exterior);[IST_G_IND] Índex socioeconòmic territorial;;95,2
[2022] 2022;[171997000] Torroella de Montgrí;[IST_G_IND] Índex socioeconòmic territorial;;87,4
[2022] 2022;[250404001] Balaguer 1 (Nucli Urbà Est i Exterior);[IST_G_IND] Índex socioeconòmic territorial;;79,2
[2022] 2022;[250404002] Balaguer 2 (Nucli Urbà Oest - Nucli Antic);[IST_G_IND] Índex socioeconòmic territorial;;50,5
[2022] 2022;[250404003] Balaguer 3 (Nucli Urbà Sud-est);[IST_G_IND] Índex socioeconòmic territorial;;103
[2022] 2022;[250729000] Cervera;[IST_G_IND] Índex socioeconòmic territorial;;85,8
[2022] 2022;[251109000] Guissona;[IST_G_IND] Índex socioeconòmic territorial;;71,2
[2022] 2022;[251207001] Lleida 1 (Balàfia);[IST_G_IND] Índex socioeconòmic territorial;;91,1
[2022] 2022;[251207002] Lleida 2 (Bordeta - Magraners);[IST_G_IND] Índex socioeconòmic territorial;;96,6
[2022] 2022;[251207003] Lleida 3 (Camp d'Esports, Joc de la Bola, Xalets - Humbert Torres);[IST_G_IND] Índex socioeconòmic territorial;;105,8
[2022] 2022;[251207004] Lleida 4 (Cappont);[IST_G_IND] Índex socioeconòmic territorial;;102,2
[2022] 2022;[251207005] Lleida 5 (Centre Històric, Rambla Ferran-Estació);[IST_G_IND] Índex socioeconòmic territorial;;66,8
[2022] 2022;[251207006] Lleida 6 (Instituts - Templers, Caparrella, Butsènit);[IST_G_IND] Índex socioeconòmic territorial;;95,6
[2022] 2022;[251207007] Lleida 7 (Llívia, Secà de Sant Pere);[IST_G_IND] Índex socioeconòmic territorial;;87,4
[2022] 2022;[251207008] Lleida 8 (Mariola);[IST_G_IND] Índex socioeconòmic territorial;;64
[2022] 2022;[251207009] Lleida 9 (Pardinyes);[IST_G_IND] Índex socioeconòmic territorial;;95,8
[2022] 2022;[251207010] Lleida 10 (Príncep de Viana - Clot);[IST_G_IND] Índex socioeconòmic territorial;;80,8
[2022] 2022;[251207011] Lleida 11 (Universitat);[IST_G_IND] Índex socioeconòmic territorial;;95,3
[2022] 2022;[251207012] Lleida 12 (Vila Montcada - Ciutat Jardí, Raimat, Sucs);[IST_G_IND] Índex socioeconòmic territorial;;120,9
[2022] 2022;[251370001] Mollerussa 1 (Centre i Nord);[IST_G_IND] Índex socioeconòmic territorial;;75,6
[2022] 2022;[251370002] Mollerussa 2 (Est, Sud i Oest);[IST_G_IND] Índex socioeconòmic territorial;;89,9
[2022] 2022;[252038001] Seu d'Urgell 1 (Sud-est), la;[IST_G_IND] Índex socioeconòmic territorial;;81,7
[2022] 2022;[252038002] Seu d'Urgell 2 (Nord-oest), la;[IST_G_IND] Índex socioeconòmic territorial;;94,2
[2022] 2022;[252173001] Tàrrega 1 (Oest);[IST_G_IND] Índex socioeconòmic territorial;;91,2
[2022] 2022;[252173002] Tàrrega 2 (Est);[IST_G_IND] Índex socioeconòmic territorial;;94,1
[2022] 2022;[430043000] Alcanar;[IST_G_IND] Índex socioeconòmic territorial;;82,6
[2022] 2022;[430141001] Amposta 1 (Nord);[IST_G_IND] Índex socioeconòmic territorial;;81,9
[2022] 2022;[430141002] Amposta 2 (Sud);[IST_G_IND] Índex socioeconòmic territorial;;94,9
[2022] 2022;[430379001] Calafell 1 (Interior i Litoral Oest);[IST_G_IND] Índex socioeconòmic territorial;;93,9
[2022] 2022;[430379002] Calafell 2 (Est i Litoral Central);[IST_G_IND] Índex socioeconòmic territorial;;98,4
[2022] 2022;[430379003] Calafell 3 (Litoral Est);[IST_G_IND] Índex socioeconòmic territorial;;80,8
[2022] 2022;[430385001] Cambrils 1 (Centre);[IST_G_IND] Índex socioeconòmic territorial;;90,1
[2022] 2022;[430385002] Cambrils 2 (Est);[IST_G_IND] Índex socioeconòmic territorial;;112,8
[2022] 2022;[430385003] Cambrils 3 (Oest);[IST_G_IND] Índex socioeconòmic territorial;;106,1
[2022] 2022;[430516001] Cunit 1 (Interior);[IST_G_IND] Índex socioeconòmic territorial;;92,6
[2022] 2022;[430516002] Cunit 2 (Litoral);[IST_G_IND] Índex socioeconòmic territorial;;80,8
[2022] 2022;[430923000] Mont-roig del Camp;[IST_G_IND] Índex socioeconòmic territorial;;87,1
[2022] 2022;[431233001] Reus 1 (Casc Antic - Centre);[IST_G_IND] Índex socioeconòmic territorial;;86,4
[2022] 2022;[431233002] Reus 2 (Horts Miró, Muralla);[IST_G_IND] Índex socioeconòmic territorial;;81,4
[2022] 2022;[431233003] Reus 3 (Carrilet, Pastoreta);[IST_G_IND] Índex socioeconòmic territorial;;81,3
[2022] 2022;[431233004] Reus 4 (Misericòrdia, Mas Vilanova, Monestirs);[IST_G_IND] Índex socioeconòmic territorial;;100,1
[2022] 2022;[431233005] Reus 5 (Escorxador, Mare Molas);[IST_G_IND] Índex socioeconòmic territorial;;95,9
[2022] 2022;[431233006] Reus 6 (Ample, Mineta, Niloga, Poetes);[IST_G_IND] Índex socioeconòmic territorial;;108,3
[2022] 2022;[431233007] Reus 7 (Xalets Quintana);[IST_G_IND] Índex socioeconòmic territorial;;105,9
[2022] 2022;[431233008] Reus 8 (Mas Abelló, Mas Iglésies);[IST_G_IND] Índex socioeconòmic territorial;;86,7
[2022] 2022;[431233009] Reus 9 (Fortuny, Juroca, Montserrat);[IST_G_IND] Índex socioeconòmic territorial;;67,9
[2022] 2022;[431233010] Reus 10 (Immaculada);[IST_G_IND] Índex socioeconòmic territorial;;108
[2022] 2022;[431233011] Reus 11 (Gaudí, Alcolea);[IST_G_IND] Índex socioeconòmic territorial;;84,2
[2022] 2022;[431362001] Ràpita 1 (Nord), la;[IST_G_IND] Índex socioeconòmic territorial;;87,1
[2022] 2022;[431362002] Ràpita 2 (Sud), la;[IST_G_IND] Índex socioeconòmic territorial;;96,5
[2022] 2022;[431482001] Tarragona 1 (Part Alta);[IST_G_IND] Índex socioeconòmic territorial;;93,1
[2022] 2022;[431482002] Tarragona 2 (Eixample Tarragona);[IST_G_IND] Índex socioeconòmic territorial;;98,1
[2022] 2022;[431482003] Tarragona 3 (Barris Marítims);[IST_G_IND] Índex socioeconòmic territorial;;94,3
[2022] 2022;[431482004] Tarragona 4 (Nou Eixample Nord-est);[IST_G_IND] Índex socioeconòmic territorial;;109,6
[2022] 2022;[431482005] Tarragona 5 (Nou Eixample Nord-oest);[IST_G_IND] Índex socioeconòmic territorial;;114,9
[2022] 2022;[431482006] Tarragona 6 (Nou Eixample Sud);[IST_G_IND] Índex socioeconòmic territorial;;104,9
[2022] 2022;[431482007] Tarragona 7 (Torreforta i Barris Adjacents);[IST_G_IND] Índex socioeconòmic territorial;;72,9
[2022] 2022;[431482008] Tarragona 8 (Campclar);[IST_G_IND] Índex socioeconòmic territorial;;70,7
[2022] 2022;[431482009] Tarragona 9 (Bonavista);[IST_G_IND] Índex socioeconòmic territorial;;72,3
[2022] 2022;[431482010] Tarragona 10 (Sant Salvador);[IST_G_IND] Índex socioeconòmic territorial;;75,2
[2022] 2022;[431482011] Tarragona 11 (Sant Pere i Sant Pau);[IST_G_IND] Índex socioeconòmic territorial;;98,4
[2022] 2022;[431482012] Tarragona 12 (Urbanitzacions de Llevant);[IST_G_IND] Índex socioeconòmic territorial;;122,5
[2022] 2022;[431536001] Torredembarra 1 (Interior i Litoral);[IST_G_IND] Índex socioeconòmic territorial;;98,8
[2022] 2022;[431536002] Torredembarra 2 (Centre);[IST_G_IND] Índex socioeconòmic territorial;;87,1
[2022] 2022;[431554001] Tortosa 1 (Sud-est);[IST_G_IND] Índex socioeconòmic territorial;;95,7
[2022] 2022;[431554002] Tortosa 2 (Oest);[IST_G_IND] Índex socioeconòmic territorial;;92,4
[2022] 2022;[431554003] Tortosa 3 (Nord-est);[IST_G_IND] Índex socioeconòmic territorial;;55,9
[2022] 2022;[431613001] Valls 1 (Oest, Nucli Urbà Est, Exteriors Nord i Est);[IST_G_IND] Índex socioeconòmic territorial;;101,1
[2022] 2022;[431613002] Valls 2 (Nucli Urbà Nord);[IST_G_IND] Índex socioeconòmic territorial;;78,5
[2022] 2022;[431613003] Valls 3 (Sud);[IST_G_IND] Índex socioeconòmic territorial;;69
[2022] 2022;[431634001] Vendrell 1 (Centre i Exteriors Sud i Nord-est), el;[IST_G_IND] Índex socioeconòmic territorial;;90
[2022] 2022;[431634002] Vendrell 2 (Est i Litoral), el;[IST_G_IND] Índex socioeconòmic territorial;;97,6
[2022] 2022;[431634003] Vendrell 3 (Nucli Urbà Oest i Exterior Sud-oest), el;[IST_G_IND] Índex socioeconòmic territorial;;101,6
[2022] 2022;[431634004] Vendrell 4 (Nucli Urbà Nord i Exterior Nord-oest), el;[IST_G_IND] Índex socioeconòmic territorial;;71,2
[2022] 2022;[431711001] Vila-seca 1 (Oest);[IST_G_IND] Índex socioeconòmic territorial;;89,4
[2022] 2022;[431711002] Vila-seca 2 (Est);[IST_G_IND] Índex socioeconòmic territorial;;109,9
[2022] 2022;[439018000] Deltebre;[IST_G_IND] Índex socioeconòmic territorial;;92,3
[2022] 2022;[439057001] Salou 1 (Nucli Urbà Litoral);[IST_G_IND] Índex socioeconòmic territorial;;73,4
[2022] 2022;[439057002] Salou 2 (Nucli Urbà Interior);[IST_G_IND] Índex socioeconòmic territorial;;93,2
[2022] 2022;[439057003] Salou 3 (Exterior);[IST_G_IND] Índex socioeconòmic territorial;;105,4
[2022] 2022;[810017001] Alt Camp Sud (Alcover);[IST_G_IND] Índex socioeconòmic territorial;;103,4
[2022] 2022;[810017002] Alt Camp Est (el Pla de Santa Maria);[IST_G_IND] Índex socioeconòmic territorial;;95,2
[2022] 2022;[810022001] Alt Empordà Nord-oest (la Jonquera);[IST_G_IND] Índex socioeconòmic territorial;;88,7
[2022] 2022;[810022002] Alt Empordà Oest (Vilafant);[IST_G_IND] Índex socioeconòmic territorial;;106,7
[2022] 2022;[810022003] Alt Empordà Centre (Peralada);[IST_G_IND] Índex socioeconòmic territorial;;103,2
[2022] 2022;[810022004] Alt Empordà Nord-est (Llançà - Cadaqués);[IST_G_IND] Índex socioeconòmic territorial;;94,3
[2022] 2022;[810022005] Alt Empordà Sud (Bàscara - Sant Pere Pescador);[IST_G_IND] Índex socioeconòmic territorial;;90,7
[2022] 2022;[810038001] Alt Penedès Nord-est (Gelida);[IST_G_IND] Índex socioeconòmic territorial;;105,7
[2022] 2022;[810038002] Alt Penedès Est (Olèrdola - Subirats);[IST_G_IND] Índex socioeconòmic territorial;;107,8
[2022] 2022;[810038003] Alt Penedès Nord (Sant Pere de Riudebitlles - Mediona);[IST_G_IND] Índex socioeconòmic territorial;;96,8
[2022] 2022;[810038004] Alt Penedès Oest (Sant Martí Sarroca);[IST_G_IND] Índex socioeconòmic territorial;;98,2
[2022] 2022;[810038005] Alt Penedès Sud (Santa Margarida i els Monjos);[IST_G_IND] Índex socioeconòmic territorial;;95,7
[2022] 2022;[810043001] Alt Urgell (sense la Seu d'Urgell);[IST_G_IND] Índex socioeconòmic territorial;;94,9
[2022] 2022;[810056000] Alta Ribagorça;[IST_G_IND] Índex socioeconòmic territorial;;100,4
[2022] 2022;[810069001] Anoia Nord i Oest (Calaf - Òdena);[IST_G_IND] Índex socioeconòmic territorial;;103,3
[2022] 2022;[810069002] Anoia Est (Masquefa);[IST_G_IND] Índex socioeconòmic territorial;;104,3
[2022] 2022;[810069003] Anoia Centre (Capellades);[IST_G_IND] Índex socioeconòmic territorial;;102,2
[2022] 2022;[810075001] Bages Nord (Navàs);[IST_G_IND] Índex socioeconòmic territorial;;99,4
[2022] 2022;[810075002] Bages Nord-est (Sallent - Artés);[IST_G_IND] Índex socioeconòmic territorial;;98,5
[2022] 2022;[810075003] Bages Centre-est (Sant Fruitós de Bages);[IST_G_IND] Índex socioeconòmic territorial;;106,1
[2022] 2022;[810075004] Bages Sud-est (Sant Vicenç de Castellet);[IST_G_IND] Índex socioeconòmic territorial;;91
[2022] 2022;[810075005] Bages Sud i Sud-oest (Castellbell i el Vilar - Sant Salvador de Guardiola);[IST_G_IND] Índex socioeconòmic territorial;;102,6
[2022] 2022;[810075006] Bages Nord-oest i Oest (Súria - Cardona);[IST_G_IND] Índex socioeconòmic territorial;;99,8
[2022] 2022;[810075007] Bages Centre (Santpedor);[IST_G_IND] Índex socioeconòmic territorial;;112,7
[2022] 2022;[810081001] Baix Camp Nord i Est (la Selva del Camp);[IST_G_IND] Índex socioeconòmic territorial;;112,1
[2022] 2022;[810081002] Baix Camp Centre (Riudoms);[IST_G_IND] Índex socioeconòmic territorial;;99,1
[2022] 2022;[810081003] Baix Camp Sud-oest i Oest (Vandellòs i l'Hospitalet de l'Infant - Riudecanyes);[IST_G_IND] Índex socioeconòmic territorial;;101
[2022] 2022;[810094001] Baix Ebre Oest (Roquetes);[IST_G_IND] Índex socioeconòmic territorial;;94,1
[2022] 2022;[810094002] Baix Ebre Nord-est (l'Ametlla de Mar);[IST_G_IND] Índex socioeconòmic territorial;;85,4
[2022] 2022;[810094003] Baix Ebre Sud-est (l'Aldea);[IST_G_IND] Índex socioeconòmic territorial;;82,6
[2022] 2022;[810108001] Baix Empordà Nord (Verges);[IST_G_IND] Índex socioeconòmic territorial;;99,1
[2022] 2022;[810108002] Baix Empordà Est (Begur);[IST_G_IND] Índex socioeconòmic territorial;;103,1
[2022] 2022;[810108003] Baix Empordà Centre-oest (Forallac - Santa Cristina d'Aro);[IST_G_IND] Índex socioeconòmic territorial;;103,9
[2022] 2022;[810115001] Baix Llobregat Nord-oest (Sant Esteve Sesrovires);[IST_G_IND] Índex socioeconòmic territorial;;116,2
[2022] 2022;[810115002] Baix Llobregat Centre-nord (el Papiol);[IST_G_IND] Índex socioeconòmic territorial;;111,5
[2022] 2022;[810115003] Baix Llobregat Centre-oest (Cervelló);[IST_G_IND] Índex socioeconòmic territorial;;114
[2022] 2022;[810115004] Baix Llobregat Centre-sud (Santa Coloma de Cervelló);[IST_G_IND] Índex socioeconòmic territorial;;116,5
[2022] 2022;[810115005] Baix Llobregat Sud-oest (Begues);[IST_G_IND] Índex socioeconòmic territorial;;117,6
[2022] 2022;[810120001] Baix Penedès Oest (la Bisbal del Penedès);[IST_G_IND] Índex socioeconòmic territorial;;90,9
[2022] 2022;[810120002] Baix Penedès Nord-est (Banyeres del Penedès);[IST_G_IND] Índex socioeconòmic territorial;;99,7
[2022] 2022;[810120003] Baix Penedès Centre-est (l'Arboç);[IST_G_IND] Índex socioeconòmic territorial;;86,1
[2022] 2022;[810141001] Berguedà Nord (Bagà);[IST_G_IND] Índex socioeconòmic territorial;;104,8
[2022] 2022;[810141002] Berguedà Sud (Gironella - Puig-reig);[IST_G_IND] Índex socioeconòmic territorial;;99,9
[2022] 2022;[810154001] Cerdanya (sense Puigcerdà);[IST_G_IND] Índex socioeconòmic territorial;;114
[2022] 2022;[810167001] Conca de Barberà Nord-est (Santa Coloma de Queralt);[IST_G_IND] Índex socioeconòmic territorial;;99,5
[2022] 2022;[810167002] Conca de Barberà Sud-oest (Montblanc);[IST_G_IND] Índex socioeconòmic territorial;;98,8
[2022] 2022;[810173001] Garraf Nord (Canyelles - Olivella);[IST_G_IND] Índex socioeconòmic territorial;;104,5
[2022] 2022;[810189000] Garrigues;[IST_G_IND] Índex socioeconòmic territorial;;90,8
[2022] 2022;[810192001] Garrotxa Nord (Sant Joan les Fonts - Besalú);[IST_G_IND] Índex socioeconòmic territorial;;102,5
[2022] 2022;[810192002] Garrotxa Sud (Vall d'en Bas);[IST_G_IND] Índex socioeconòmic territorial;;109,3
[2022] 2022;[810206001] Gironès Nord (Sarrià de Ter);[IST_G_IND] Índex socioeconòmic territorial;;108,3
[2022] 2022;[810206002] Gironès Nord-est (Celrà);[IST_G_IND] Índex socioeconòmic territorial;;96,9
[2022] 2022;[810206003] Gironès Oest i Nord-oest (Bescanó);[IST_G_IND] Índex socioeconòmic territorial;;113,8
[2022] 2022;[810206004] Gironès Centre (Quart);[IST_G_IND] Índex socioeconòmic territorial;;120,1
[2022] 2022;[810213001] Maresme A (Santa Susanna - Palafolls);[IST_G_IND] Índex socioeconòmic territorial;;102,9
[2022] 2022;[810213002] Maresme B (Sant Pol de Mar - Sant Cebrià de Vallalta);[IST_G_IND] Índex socioeconòmic territorial;;111,1
[2022] 2022;[810213003] Maresme C (Arenys de Munt - Sant Iscle de Vallalta);[IST_G_IND] Índex socioeconòmic territorial;;106,3
[2022] 2022;[810213004] Maresme D (Sant Vicenç de Montalt - Caldes d'Estrac);[IST_G_IND] Índex socioeconòmic territorial;;113,8
[2022] 2022;[810213005] Maresme E (Argentona - Dosrius);[IST_G_IND] Índex socioeconòmic territorial;;111,6
[2022] 2022;[810213006] Maresme F (Cabrils - Cabrera de Mar);[IST_G_IND] Índex socioeconòmic territorial;;119,6
[2022] 2022;[810213007] Maresme G (Alella - Teià);[IST_G_IND] Índex socioeconòmic territorial;;121,4
[2022] 2022;[810228001] Montsià Nord (Santa Bàrbara - Sant Jaume d'Enveja);[IST_G_IND] Índex socioeconòmic territorial;;87
[2022] 2022;[810228002] Montsià Sud-oest (Ulldecona - la Sénia);[IST_G_IND] Índex socioeconòmic territorial;;78,9
[2022] 2022;[810234001] Noguera Est (Artesa de Segre - Ponts);[IST_G_IND] Índex socioeconòmic territorial;;88
[2022] 2022;[810234002] Noguera Centre-oest (Camarasa - Albesa);[IST_G_IND] Índex socioeconòmic territorial;;97,5
[2022] 2022;[810249001] Osona Nord (Sant Pere de Torelló - Sant Quirze de Besora);[IST_G_IND] Índex socioeconòmic territorial;;99,8
[2022] 2022;[810249002] Osona Nord-est (Roda de Ter);[IST_G_IND] Índex socioeconòmic territorial;;99,8
[2022] 2022;[810249003] Osona Est (Taradell);[IST_G_IND] Índex socioeconòmic territorial;;110,9
[2022] 2022;[810249004] Osona Centre-sud i Sud-est (Tona - Seva);[IST_G_IND] Índex socioeconòmic territorial;;107,1
[2022] 2022;[810249005] Osona Sud (Centelles);[IST_G_IND] Índex socioeconòmic territorial;;101,9
[2022] 2022;[810249006] Osona Oest (Prats de Lluçanès);[IST_G_IND] Índex socioeconòmic territorial;;105,9
[2022] 2022;[810249007] Osona Centre-nord (Sant Hipòlit de Voltregà);[IST_G_IND] Índex socioeconòmic territorial;;107,8
[2022] 2022;[810252000] Pallars Jussà;[IST_G_IND] Índex socioeconòmic territorial;;93,3
[2022] 2022;[810265000] Pallars Sobirà;[IST_G_IND] Índex socioeconòmic territorial;;107,5
[2022] 2022;[810271001] Pla d'Urgell Nord (Linyola);[IST_G_IND] Índex socioeconòmic territorial;;85,8
[2022] 2022;[810271002] Pla d'Urgell Centre-sud (Palau d'Anglesola);[IST_G_IND] Índex socioeconòmic territorial;;97,7
[2022] 2022;[810287001] Pla de l'Estany (sense Banyoles);[IST_G_IND] Índex socioeconòmic territorial;;112,2
[2022] 2022;[810290000] Priorat;[IST_G_IND] Índex socioeconòmic territorial;;97,3
[2022] 2022;[810304001] Ribera d'Ebre Nord (Flix);[IST_G_IND] Índex socioeconòmic territorial;;93
[2022] 2022;[810304002] Ribera d'Ebre Sud (Móra d'Ebre);[IST_G_IND] Índex socioeconòmic territorial;;90,4
[2022] 2022;[810311001] Ripollès (sense Ripoll);[IST_G_IND] Índex socioeconòmic territorial;;104,9
[2022] 2022;[810326001] Segarra (sense Cervera i Guissona);[IST_G_IND] Índex socioeconòmic territorial;;103,3
[2022] 2022;[810332001] Segrià Nord (Almacelles);[IST_G_IND] Índex socioeconòmic territorial;;81,7
[2022] 2022;[810332002] Segrià Nord-est (Alcoletge);[IST_G_IND] Índex socioeconòmic territorial;;98,2
[2022] 2022;[810332003] Segrià Centre-nord (Alpicat-Torrefarrera);[IST_G_IND] Índex socioeconòmic territorial;;110,5
[2022] 2022;[810332004] Segrià Centre-oest (Alcarràs);[IST_G_IND] Índex socioeconòmic territorial;;76,9
[2022] 2022;[810332005] Segrià Sud-oest (Aitona);[IST_G_IND] Índex socioeconòmic territorial;;70,3
[2022] 2022;[810332006] Segrià Sud-est (Albatàrrec);[IST_G_IND] Índex socioeconòmic territorial;;96,2
[2022] 2022;[810347001] Selva Nord (Anglès);[IST_G_IND] Índex socioeconòmic territorial;;92,1
[2022] 2022;[810347002] Selva Oest (Arbúcies - Sant Hilari Sacalm);[IST_G_IND] Índex socioeconòmic territorial;;82,4
[2022] 2022;[810347003] Selva Sud-oest (Riells i Viabrea - Breda);[IST_G_IND] Índex socioeconòmic territorial;;102,7
[2022] 2022;[810347004] Selva Est (Caldes de Malavella);[IST_G_IND] Índex socioeconòmic territorial;;103,6
[2022] 2022;[810347005] Selva Sud-est (Vidreres);[IST_G_IND] Índex socioeconòmic territorial;;93,9
[2022] 2022;[810347006] Selva Sud (Maçanet de la Selva - Hostalric);[IST_G_IND] Índex socioeconòmic territorial;;89,6
[2022] 2022;[810350000] Solsonès;[IST_G_IND] Índex socioeconòmic territorial;;97,5
[2022] 2022;[810363001] Tarragonès Nord-est (Roda de Berà);[IST_G_IND] Índex socioeconòmic territorial;;93,5
[2022] 2022;[810363002] Tarragonès Centre-est (Altafulla - el Catllar);[IST_G_IND] Índex socioeconòmic territorial;;111,4
[2022] 2022;[810363003] Tarragonès Centre-nord (els Pallaresos);[IST_G_IND] Índex socioeconòmic territorial;;114,2
[2022] 2022;[810363004] Tarragonès Nord-oest (la Pobla de Mafumet - el Morell);[IST_G_IND] Índex socioeconòmic territorial;;102
[2022] 2022;[810363005] Tarragonès Centre-oest (Constantí - la Canonja);[IST_G_IND] Índex socioeconòmic territorial;;89,9
[2022] 2022;[810379000] Terra Alta;[IST_G_IND] Índex socioeconòmic territorial;;90,3
[2022] 2022;[810385001] Urgell Nord (Agramunt);[IST_G_IND] Índex socioeconòmic territorial;;91,1
[2022] 2022;[810385002] Urgell Sud (Bellpuig);[IST_G_IND] Índex socioeconòmic territorial;;90,5
[2022] 2022;[810398000] Aran;[IST_G_IND] Índex socioeconòmic territorial;;105,5
[2022] 2022;[810402001] Vallès Occidental Nord-est (Matadepera);[IST_G_IND] Índex socioeconòmic territorial;;124,1
[2022] 2022;[810402002] Vallès Occidental Nord-oest (Viladecavalls - Vacarisses);[IST_G_IND] Índex socioeconòmic territorial;;114,7
[2022] 2022;[810419001] Vallès Oriental Nord-est (Santa Maria de Palautordera);[IST_G_IND] Índex socioeconòmic territorial;;109,4
[2022] 2022;[810419002] Vallès Oriental Centre-nord (Sant Antoni de Vilamajor);[IST_G_IND] Índex socioeconòmic territorial;;110,6
[2022] 2022;[810419003] Vallès Oriental Nord-oest i Nord (Bigues i Riells del Fai - Aiguafreda);[IST_G_IND] Índex socioeconòmic territorial;;106,5
[2022] 2022;[810419004] Vallès Oriental Centre-oest (Santa Eulàlia de Ronçana - Lliçà de Vall);[IST_G_IND] Índex socioeconòmic territorial;;111
[2022] 2022;[810419005] Vallès Oriental Centre-est (Llinars del Vallès);[IST_G_IND] Índex socioeconòmic territorial;;105,8
[2022] 2022;[810419006] Vallès Oriental Sud-est (Vilanova del Vallès);[IST_G_IND] Índex socioeconòmic territorial;;117,8
[2022] 2022;[810419007] Vallès Oriental Sud (Sant Fost de Campsentelles);[IST_G_IND] Índex socioeconòmic territorial;;106,8
[2022] 2022;[810424000] Moianès;[IST_G_IND] Índex socioeconòmic territorial;;102,9
[2022] 2022;[TOTAL] Catalunya;[IST_G_IND] Índex socioeconòmic territorial;;100
